"university_id","faculty_id","survey_year"
"0316","52416","2015"
"0316","52417","2015"
"0627","47660","2015"
"0045","47751","2015"
"0045","47752","2015"
"0045","47753","2015"
"0045","47754","2015"
"0045","47755","2015"
"0045","47756","2015"
"0045","47757","2015"
"0750","47759","2015"
"0750","47760","2015"
"0750","47761","2015"
"0471","47762","2015"
"0471","47763","2015"
"0471","47764","2015"
"0471","47765","2015"
"0505","47766","2015"
"0505","47767","2015"
"0505","47768","2015"
"0505","47769","2015"
"0505","47770","2015"
"0505","47771","2015"
"0505","47772","2015"
"0505","47773","2015"
"0505","47774","2015"
"0505","47775","2015"
"0505","47776","2015"
"0505","47777","2015"
"0505","47778","2015"
"0505","47779","2015"
"0505","47780","2015"
"0505","47781","2015"
"0365","47786","2015"
"0365","47787","2015"
"0365","47788","2015"
"0365","47789","2015"
"0365","47790","2015"
"0268","47791","2015"
"0268","47792","2015"
"0268","47793","2015"
"0268","47794","2015"
"0268","47795","2015"
"0268","47796","2015"
"0268","47797","2015"
"0268","47798","2015"
"0173","47805","2015"
"0173","47806","2015"
"0173","47807","2015"
"0173","47808","2015"
"0173","47809","2015"
"0103","47817","2015"
"0580","47822","2015"
"0580","47823","2015"
"0303","47875","2015"
"0138","47876","2015"
"0138","47877","2015"
"0138","47878","2015"
"0138","47879","2015"
"0138","47880","2015"
"0138","47881","2015"
"0138","47882","2015"
"0778","47914","2015"
"0778","47915","2015"
"0778","47916","2015"
"0165","47917","2015"
"0649","47918","2015"
"0649","47919","2015"
"0649","47920","2015"
"0649","47921","2015"
"0649","47922","2015"
"0649","47923","2015"
"0131","47930","2015"
"0131","47931","2015"
"0131","47932","2015"
"0131","47933","2015"
"0152","47934","2015"
"0152","47935","2015"
"0152","47936","2015"
"0152","47937","2015"
"0152","47938","2015"
"0152","47939","2015"
"0152","47940","2015"
"0152","47941","2015"
"0126","47942","2015"
"0126","47943","2015"
"0126","47944","2015"
"0126","47945","2015"
"0126","47946","2015"
"0126","47947","2015"
"0126","47948","2015"
"0142","47949","2015"
"0142","47950","2015"
"0142","47951","2015"
"0142","47952","2015"
"0635","47954","2015"
"0635","47955","2015"
"0734","47956","2015"
"0734","47957","2015"
"0368","47958","2015"
"0240","47959","2015"
"0240","47960","2015"
"0658","47969","2015"
"0658","47970","2015"
"0658","47971","2015"
"0658","47972","2015"
"0658","47973","2015"
"0658","47974","2015"
"0125","47975","2015"
"0578","47977","2015"
"0578","47978","2015"
"0578","47979","2015"
"0578","47980","2015"
"0578","47981","2015"
"0578","47982","2015"
"0593","47983","2015"
"0593","47984","2015"
"0593","47985","2015"
"0127","47989","2015"
"0127","47990","2015"
"0127","47991","2015"
"0127","47992","2015"
"0127","47993","2015"
"0594","48032","2015"
"0594","48033","2015"
"0594","48034","2015"
"0594","48035","2015"
"0591","48037","2015"
"0591","48038","2015"
"0591","48039","2015"
"0788","48044","2015"
"0788","48045","2015"
"0788","48046","2015"
"0788","48047","2015"
"0788","48048","2015"
"0788","48049","2015"
"0788","48050","2015"
"0788","48051","2015"
"0788","48052","2015"
"0625","48053","2015"
"0625","48054","2015"
"0625","48055","2015"
"0232","48056","2015"
"0232","48057","2015"
"0232","48058","2015"
"0232","48059","2015"
"0232","48060","2015"
"0232","48061","2015"
"0232","48062","2015"
"0232","48063","2015"
"0232","48064","2015"
"0494","48069","2015"
"0494","48070","2015"
"0494","48071","2015"
"0494","48072","2015"
"0378","48073","2015"
"0057","48074","2015"
"0057","48075","2015"
"0057","48076","2015"
"0354","48077","2015"
"0218","48082","2015"
"0218","48083","2015"
"0218","48084","2015"
"0218","48085","2015"
"0250","48109","2015"
"0670","48110","2015"
"0670","48111","2015"
"0670","48112","2015"
"0670","48113","2015"
"0670","48114","2015"
"0588","48115","2015"
"0588","48116","2015"
"0588","48117","2015"
"0588","48118","2015"
"0775","48119","2015"
"0775","48120","2015"
"0775","48121","2015"
"0775","48122","2015"
"0775","48123","2015"
"0775","48124","2015"
"0132","48125","2015"
"0132","48126","2015"
"0572","48136","2015"
"0153","48138","2015"
"0153","48139","2015"
"0153","48140","2015"
"0153","48141","2015"
"0153","48142","2015"
"0153","48143","2015"
"0153","48144","2015"
"0153","48145","2015"
"0153","48146","2015"
"0130","48147","2015"
"0595","48148","2015"
"0595","48149","2015"
"0595","48150","2015"
"0765","48179","2015"
"0663","48181","2015"
"0663","48182","2015"
"0663","48183","2015"
"0663","48184","2015"
"0663","48185","2015"
"0647","48186","2015"
"0793","48187","2015"
"0597","48188","2015"
"0597","48189","2015"
"0597","48190","2015"
"0597","48191","2015"
"0597","48192","2015"
"0597","48193","2015"
"0571","48194","2015"
"0571","48195","2015"
"0133","48196","2015"
"0135","48198","2015"
"0136","48199","2015"
"0136","48200","2015"
"0136","48201","2015"
"0136","48202","2015"
"0136","48203","2015"
"0136","48204","2015"
"0136","48205","2015"
"0136","48206","2015"
"0136","48207","2015"
"0136","48208","2015"
"0708","48209","2015"
"0708","48210","2015"
"0708","48211","2015"
"0708","48212","2015"
"0708","48213","2015"
"0708","48214","2015"
"0708","48215","2015"
"0708","48216","2015"
"0708","48217","2015"
"0708","48218","2015"
"0708","48219","2015"
"0708","48220","2015"
"0708","48221","2015"
"0708","48222","2015"
"0708","48223","2015"
"0708","48224","2015"
"0708","48225","2015"
"0668","48226","2015"
"0668","48227","2015"
"0668","48228","2015"
"0668","48229","2015"
"0668","48230","2015"
"0668","48231","2015"
"0702","48232","2015"
"0702","48233","2015"
"0702","48234","2015"
"0702","48235","2015"
"0702","48236","2015"
"0702","48237","2015"
"0702","48238","2015"
"0702","48239","2015"
"0702","48240","2015"
"0702","48241","2015"
"0702","48242","2015"
"0702","48243","2015"
"0702","48244","2015"
"0702","48245","2015"
"0759","48246","2015"
"0753","48247","2015"
"0753","48248","2015"
"0753","48249","2015"
"0753","48250","2015"
"0753","48251","2015"
"0753","48252","2015"
"0753","48253","2015"
"0602","48257","2015"
"0602","48258","2015"
"0602","48259","2015"
"0602","48260","2015"
"0602","48261","2015"
"0602","48262","2015"
"0602","48263","2015"
"0602","48264","2015"
"0602","48265","2015"
"0147","48281","2015"
"0147","48282","2015"
"0147","48283","2015"
"0147","48284","2015"
"0134","48285","2015"
"0140","48286","2015"
"0140","48287","2015"
"0140","48288","2015"
"0140","48289","2015"
"0140","48290","2015"
"0140","48291","2015"
"0140","48292","2015"
"0140","48293","2015"
"0140","48294","2015"
"0140","48295","2015"
"0140","48296","2015"
"0140","48297","2015"
"0148","48298","2015"
"0148","48299","2015"
"0148","48300","2015"
"0148","48301","2015"
"0148","48302","2015"
"0148","48303","2015"
"0219","48304","2015"
"0219","48305","2015"
"0219","48306","2015"
"0219","48307","2015"
"0219","48308","2015"
"0219","48309","2015"
"0154","48310","2015"
"0154","48311","2015"
"0154","48312","2015"
"0154","48313","2015"
"0154","48314","2015"
"0154","48315","2015"
"0124","48316","2015"
"0124","48317","2015"
"0124","48318","2015"
"0124","48319","2015"
"0124","48320","2015"
"0124","48321","2015"
"0124","48322","2015"
"0589","48323","2015"
"0589","48324","2015"
"0589","48325","2015"
"0589","48326","2015"
"0589","48327","2015"
"0589","48328","2015"
"0589","48329","2015"
"0589","48330","2015"
"0714","48331","2015"
"0714","48332","2015"
"0714","48333","2015"
"0714","48334","2015"
"0714","48335","2015"
"0706","48336","2015"
"0129","48337","2015"
"0129","48338","2015"
"0129","48339","2015"
"0129","48340","2015"
"0129","48341","2015"
"0511","48342","2015"
"0151","48343","2015"
"0151","48344","2015"
"0151","48345","2015"
"0151","48346","2015"
"0151","48347","2015"
"0151","48348","2015"
"0151","48349","2015"
"0151","48350","2015"
"0215","48351","2015"
"0215","48352","2015"
"0215","48353","2015"
"0215","48354","2015"
"0182","48355","2015"
"0182","48356","2015"
"0182","48357","2015"
"0182","48358","2015"
"0182","48359","2015"
"0182","48360","2015"
"0182","48361","2015"
"0380","48362","2015"
"0380","48363","2015"
"0380","48364","2015"
"0380","48365","2015"
"0380","48366","2015"
"0380","48367","2015"
"0380","48368","2015"
"0380","48369","2015"
"0380","48370","2015"
"0380","48371","2015"
"0010","48372","2015"
"0010","48373","2015"
"0010","48374","2015"
"0010","48375","2015"
"0010","48376","2015"
"0010","48377","2015"
"0010","48378","2015"
"0010","48379","2015"
"0175","48386","2015"
"0175","48387","2015"
"0175","48388","2015"
"0157","48389","2015"
"0157","48390","2015"
"0157","48391","2015"
"0157","48392","2015"
"0157","48393","2015"
"0157","48394","2015"
"0157","48395","2015"
"0157","48396","2015"
"0790","48397","2015"
"0790","48398","2015"
"0790","48399","2015"
"0790","48400","2015"
"0790","48401","2015"
"0790","48402","2015"
"0660","48403","2015"
"0576","48404","2015"
"0576","48405","2015"
"0576","48406","2015"
"0576","48407","2015"
"0576","48408","2015"
"0193","48409","2015"
"0193","48410","2015"
"0193","48411","2015"
"0193","48412","2015"
"0193","48413","2015"
"0193","48414","2015"
"0193","48415","2015"
"0193","48416","2015"
"0193","48417","2015"
"0792","48418","2015"
"0296","48419","2015"
"0450","48420","2015"
"0244","48421","2015"
"0244","48422","2015"
"0244","48423","2015"
"0798","48428","2015"
"0746","48430","2015"
"0746","48431","2015"
"0746","48432","2015"
"0746","48433","2015"
"0746","48434","2015"
"0502","48435","2015"
"0502","48436","2015"
"0502","48437","2015"
"0502","48438","2015"
"0502","48439","2015"
"0502","48440","2015"
"0502","48441","2015"
"0502","48442","2015"
"0502","48443","2015"
"0738","48459","2015"
"0738","48460","2015"
"0738","48461","2015"
"0738","48462","2015"
"0738","48463","2015"
"0738","48464","2015"
"0374","48489","2015"
"0374","48490","2015"
"0641","48491","2015"
"0641","48492","2015"
"0051","48502","2015"
"0167","48503","2015"
"0167","48504","2015"
"0167","48505","2015"
"0167","48506","2015"
"0167","48507","2015"
"0167","48508","2015"
"0167","48509","2015"
"0167","48510","2015"
"0167","48511","2015"
"0167","48512","2015"
"0167","48513","2015"
"0345","48514","2015"
"0345","48515","2015"
"0345","48516","2015"
"0345","48517","2015"
"0345","48518","2015"
"0345","48519","2015"
"0345","48520","2015"
"0345","48521","2015"
"0186","48522","2015"
"0186","48523","2015"
"0186","48524","2015"
"0249","48525","2015"
"0137","48526","2015"
"0137","48527","2015"
"0137","48528","2015"
"0137","48529","2015"
"0137","48530","2015"
"0137","48531","2015"
"0137","48532","2015"
"0137","48533","2015"
"0768","48534","2015"
"0768","48535","2015"
"0310","48536","2015"
"0310","48537","2015"
"0310","48538","2015"
"0310","48539","2015"
"0310","48540","2015"
"0699","48541","2015"
"0699","48542","2015"
"0699","48543","2015"
"0699","48544","2015"
"0699","48545","2015"
"0699","48546","2015"
"0699","48547","2015"
"0565","48548","2015"
"0565","48549","2015"
"0565","48550","2015"
"0565","48551","2015"
"0565","48552","2015"
"0349","48553","2015"
"0297","48554","2015"
"0272","48555","2015"
"0586","48556","2015"
"0586","48557","2015"
"0586","48558","2015"
"0586","48559","2015"
"0586","48560","2015"
"0586","48561","2015"
"0586","48562","2015"
"0586","48563","2015"
"0352","48573","2015"
"0352","48574","2015"
"0352","48575","2015"
"0352","48576","2015"
"0352","48577","2015"
"0352","48578","2015"
"0352","48579","2015"
"0537","48580","2015"
"0537","48581","2015"
"0537","48582","2015"
"0537","48583","2015"
"0537","48584","2015"
"0358","48585","2015"
"0686","48586","2015"
"0686","48587","2015"
"0583","48588","2015"
"0583","48589","2015"
"0327","48590","2015"
"0327","48591","2015"
"0327","48592","2015"
"0327","48593","2015"
"0327","48594","2015"
"0327","48595","2015"
"0327","48596","2015"
"0353","48597","2015"
"0353","48598","2015"
"0353","48599","2015"
"0353","48600","2015"
"0305","48601","2015"
"0281","48644","2015"
"0105","48645","2015"
"0664","48646","2015"
"0664","48647","2015"
"0664","48648","2015"
"0476","48649","2015"
"0476","48650","2015"
"0476","48651","2015"
"0476","48652","2015"
"0476","48653","2015"
"0476","48654","2015"
"0476","48655","2015"
"0476","48656","2015"
"0476","48657","2015"
"0476","48658","2015"
"0640","48659","2015"
"0640","48660","2015"
"0640","48661","2015"
"0314","48662","2015"
"0314","48663","2015"
"0314","48664","2015"
"0314","48665","2015"
"0314","48666","2015"
"0314","48667","2015"
"0314","48668","2015"
"0314","48669","2015"
"0314","48670","2015"
"0355","48671","2015"
"0355","48672","2015"
"0355","48673","2015"
"0355","48674","2015"
"0355","48675","2015"
"0355","48676","2015"
"0355","48677","2015"
"0054","48678","2015"
"0054","48679","2015"
"0054","48680","2015"
"0054","48681","2015"
"0054","48682","2015"
"0054","48683","2015"
"0659","48684","2015"
"0659","48685","2015"
"0659","48686","2015"
"0659","48687","2015"
"0659","48688","2015"
"0659","48689","2015"
"0308","48690","2015"
"0400","48691","2015"
"0400","48692","2015"
"0400","48693","2015"
"0400","48694","2015"
"0400","48695","2015"
"0523","48696","2015"
"0523","48697","2015"
"0728","48698","2015"
"0728","48699","2015"
"0728","48700","2015"
"0728","48701","2015"
"0728","48702","2015"
"0728","48703","2015"
"0728","48704","2015"
"0728","48705","2015"
"0728","48706","2015"
"0728","48707","2015"
"0728","48708","2015"
"0728","48709","2015"
"0728","48710","2015"
"0569","48711","2015"
"0569","48712","2015"
"0569","48713","2015"
"0083","48714","2015"
"0346","48715","2015"
"0346","48716","2015"
"0346","48717","2015"
"0328","48718","2015"
"0328","48719","2015"
"0328","48720","2015"
"0328","48721","2015"
"0328","48722","2015"
"0328","48723","2015"
"0328","48724","2015"
"0328","48725","2015"
"0328","48726","2015"
"0328","48727","2015"
"0328","48728","2015"
"0328","48729","2015"
"0328","48730","2015"
"0328","48731","2015"
"0386","48732","2015"
"0553","48755","2015"
"0507","48756","2015"
"0507","48757","2015"
"0507","48758","2015"
"0507","48759","2015"
"0507","48760","2015"
"0507","48761","2015"
"0507","48762","2015"
"0385","48769","2015"
"0691","48770","2015"
"0143","48771","2015"
"0143","48772","2015"
"0143","48773","2015"
"0143","48774","2015"
"0143","48775","2015"
"0143","48776","2015"
"0143","48777","2015"
"0143","48778","2015"
"0143","48779","2015"
"0143","48780","2015"
"0143","48781","2015"
"0143","48782","2015"
"0143","48783","2015"
"0143","48784","2015"
"0143","48785","2015"
"0143","48786","2015"
"0143","48787","2015"
"0143","48788","2015"
"0143","48789","2015"
"0143","48790","2015"
"0143","48791","2015"
"0531","48792","2015"
"0531","48793","2015"
"0531","48794","2015"
"0531","48795","2015"
"0531","48796","2015"
"0531","48797","2015"
"0434","48798","2015"
"0434","48799","2015"
"0434","48800","2015"
"0434","48801","2015"
"0794","48802","2015"
"0794","48803","2015"
"0794","48804","2015"
"0541","48805","2015"
"0541","48806","2015"
"0541","48807","2015"
"0541","48808","2015"
"0541","48809","2015"
"0541","48810","2015"
"0541","48811","2015"
"0541","48812","2015"
"0541","48813","2015"
"0541","48814","2015"
"0541","48815","2015"
"0541","48816","2015"
"0528","48831","2015"
"0528","48832","2015"
"0528","48833","2015"
"0528","48834","2015"
"0528","48835","2015"
"0528","48836","2015"
"0528","48837","2015"
"0528","48838","2015"
"0373","48843","2015"
"0373","48844","2015"
"0373","48845","2015"
"0373","48846","2015"
"0373","48847","2015"
"0373","48848","2015"
"0373","48849","2015"
"0373","48850","2015"
"0275","48851","2015"
"0275","48852","2015"
"0275","48853","2015"
"0320","48854","2015"
"0320","48855","2015"
"0320","48856","2015"
"0320","48857","2015"
"0320","48858","2015"
"0320","48859","2015"
"0320","48860","2015"
"0320","48861","2015"
"0320","48862","2015"
"0320","48863","2015"
"0320","48864","2015"
"0552","48865","2015"
"0552","48866","2015"
"0552","48867","2015"
"0552","48868","2015"
"0552","48869","2015"
"0552","48870","2015"
"0552","48871","2015"
"0552","48872","2015"
"0267","48873","2015"
"0267","48874","2015"
"0136","48877","2015"
"0136","48878","2015"
"0458","48879","2015"
"0458","48880","2015"
"0458","48881","2015"
"0458","48882","2015"
"0458","48883","2015"
"0592","48884","2015"
"0592","48885","2015"
"0592","48886","2015"
"0623","48895","2015"
"0623","48896","2015"
"0623","48897","2015"
"0623","48898","2015"
"0623","48899","2015"
"0623","48900","2015"
"0623","48901","2015"
"0623","48902","2015"
"0623","48903","2015"
"0623","48904","2015"
"0623","48905","2015"
"0623","48906","2015"
"0623","48907","2015"
"0144","48918","2015"
"0144","48919","2015"
"0144","48920","2015"
"0144","48921","2015"
"0761","48922","2015"
"0761","48923","2015"
"0761","48924","2015"
"0761","48925","2015"
"0761","48926","2015"
"0645","48927","2015"
"0645","48928","2015"
"0645","48929","2015"
"0645","48930","2015"
"0645","48931","2015"
"0754","48932","2015"
"0469","48933","2015"
"0469","48934","2015"
"0469","48935","2015"
"0469","48936","2015"
"0469","48937","2015"
"0282","48938","2015"
"0282","48939","2015"
"0282","48940","2015"
"0282","48941","2015"
"0282","48942","2015"
"0731","48943","2015"
"0731","48944","2015"
"0731","48945","2015"
"0731","48946","2015"
"0731","48947","2015"
"0731","48948","2015"
"0731","48949","2015"
"0731","48950","2015"
"0460","48969","2015"
"0460","48970","2015"
"0460","48971","2015"
"0460","48972","2015"
"0460","48973","2015"
"0460","48974","2015"
"0460","48975","2015"
"0460","48976","2015"
"0460","48977","2015"
"0460","48978","2015"
"0435","48979","2015"
"0435","48980","2015"
"0435","48981","2015"
"0435","48982","2015"
"0435","48983","2015"
"0519","48984","2015"
"0519","48985","2015"
"0519","48986","2015"
"0519","48987","2015"
"0519","48988","2015"
"0519","48989","2015"
"0519","48990","2015"
"0519","48991","2015"
"0519","48992","2015"
"0519","48993","2015"
"0519","48994","2015"
"0519","48995","2015"
"0091","48996","2015"
"0091","48997","2015"
"0091","48998","2015"
"0091","48999","2015"
"0091","49000","2015"
"0091","49001","2015"
"0091","49002","2015"
"0091","49003","2015"
"0091","49004","2015"
"0091","49005","2015"
"0091","49006","2015"
"0454","49007","2015"
"0454","49008","2015"
"0454","49009","2015"
"0454","49010","2015"
"0454","49011","2015"
"0454","49012","2015"
"0454","49013","2015"
"0454","49014","2015"
"0566","49015","2015"
"0566","49016","2015"
"0467","49017","2015"
"0451","49018","2015"
"0562","49024","2015"
"0562","49025","2015"
"0562","49026","2015"
"0562","49027","2015"
"0562","49028","2015"
"0562","49029","2015"
"0562","49030","2015"
"0474","49031","2015"
"0474","49032","2015"
"0474","49033","2015"
"0474","49034","2015"
"0474","49035","2015"
"0474","49036","2015"
"0474","49037","2015"
"0474","49038","2015"
"0474","49039","2015"
"0474","49040","2015"
"0474","49041","2015"
"0470","49042","2015"
"0470","49043","2015"
"0470","49044","2015"
"0487","49045","2015"
"0487","49046","2015"
"0487","49047","2015"
"0487","49048","2015"
"0487","49049","2015"
"0487","49050","2015"
"0487","49051","2015"
"0487","49052","2015"
"0445","49053","2015"
"0445","49054","2015"
"0445","49055","2015"
"0445","49056","2015"
"0445","49057","2015"
"0445","49058","2015"
"0445","49059","2015"
"0445","49060","2015"
"0445","49061","2015"
"0445","49062","2015"
"0522","49063","2015"
"0522","49064","2015"
"0498","49065","2015"
"0498","49066","2015"
"0498","49067","2015"
"0498","49068","2015"
"0498","49069","2015"
"0498","49070","2015"
"0498","49071","2015"
"0498","49072","2015"
"0498","49073","2015"
"0093","49074","2015"
"0093","49075","2015"
"0093","49076","2015"
"0093","49077","2015"
"0093","49078","2015"
"0093","49079","2015"
"0093","49080","2015"
"0093","49081","2015"
"0093","49082","2015"
"0093","49083","2015"
"0090","49084","2015"
"0090","49085","2015"
"0090","49086","2015"
"0090","49087","2015"
"0090","49088","2015"
"0226","49089","2015"
"0226","49090","2015"
"0226","49091","2015"
"0226","49092","2015"
"0489","49093","2015"
"0489","49094","2015"
"0489","49095","2015"
"0489","49096","2015"
"0481","49097","2015"
"0364","49098","2015"
"0364","49099","2015"
"0364","49100","2015"
"0364","49101","2015"
"0364","49102","2015"
"0644","49103","2015"
"0644","49104","2015"
"0644","49105","2015"
"0644","49106","2015"
"0644","49107","2015"
"0644","49108","2015"
"0644","49109","2015"
"0644","49110","2015"
"0447","49117","2015"
"0447","49118","2015"
"0447","49119","2015"
"0447","49120","2015"
"0447","49121","2015"
"0447","49122","2015"
"0447","49123","2015"
"0447","49124","2015"
"0447","49125","2015"
"0447","49126","2015"
"0447","49127","2015"
"0447","49128","2015"
"0447","49129","2015"
"0479","49130","2015"
"0559","49131","2015"
"0559","49132","2015"
"0559","49133","2015"
"0559","49134","2015"
"0559","49135","2015"
"0559","49136","2015"
"0559","49137","2015"
"0559","49138","2015"
"0559","49139","2015"
"0559","49140","2015"
"0559","49141","2015"
"0070","49142","2015"
"0070","49143","2015"
"0070","49144","2015"
"0070","49145","2015"
"0070","49146","2015"
"0070","49147","2015"
"0070","49148","2015"
"0070","49149","2015"
"0070","49150","2015"
"0536","49151","2015"
"0536","49152","2015"
"0536","49153","2015"
"0536","49154","2015"
"0536","49155","2015"
"0536","49156","2015"
"0536","49157","2015"
"0536","49158","2015"
"0536","49159","2015"
"0536","49160","2015"
"0536","49161","2015"
"0536","49162","2015"
"0536","49163","2015"
"0536","49164","2015"
"0536","49165","2015"
"0536","49166","2015"
"0536","49167","2015"
"0536","49168","2015"
"0536","49169","2015"
"0239","49170","2015"
"0239","49171","2015"
"0239","49172","2015"
"0239","49173","2015"
"0239","49174","2015"
"0239","49175","2015"
"0239","49176","2015"
"0239","49177","2015"
"0111","49178","2015"
"0468","49180","2015"
"0468","49181","2015"
"0468","49182","2015"
"0468","49183","2015"
"0468","49184","2015"
"0468","49185","2015"
"0468","49186","2015"
"0715","49187","2015"
"0715","49188","2015"
"0715","49189","2015"
"0771","49190","2015"
"0771","49191","2015"
"0771","49192","2015"
"0693","49193","2015"
"0693","49194","2015"
"0693","49195","2015"
"0693","49196","2015"
"0483","49198","2015"
"0316","52418","2015"
"0424","49201","2015"
"0424","49202","2015"
"0424","49203","2015"
"0424","49204","2015"
"0506","49205","2015"
"0506","49206","2015"
"0506","49207","2015"
"0506","49208","2015"
"0506","49209","2015"
"0506","49210","2015"
"0506","49211","2015"
"0506","49212","2015"
"0213","49213","2015"
"0213","49214","2015"
"0213","49215","2015"
"0213","49216","2015"
"0622","49217","2015"
"0067","49218","2015"
"0067","49219","2015"
"0067","49220","2015"
"0067","49221","2015"
"0067","49222","2015"
"0067","49223","2015"
"0599","49224","2015"
"0599","49225","2015"
"0599","49226","2015"
"0495","49227","2015"
"0495","49228","2015"
"0141","49229","2015"
"0141","49230","2015"
"0141","49231","2015"
"0141","49232","2015"
"0141","49233","2015"
"0141","49234","2015"
"0141","49235","2015"
"0141","49236","2015"
"0141","49237","2015"
"0141","49238","2015"
"0141","49239","2015"
"0141","49240","2015"
"0245","49241","2015"
"0543","49242","2015"
"0543","49243","2015"
"0543","49244","2015"
"0543","49245","2015"
"0543","49246","2015"
"0543","49247","2015"
"0543","49248","2015"
"0543","49249","2015"
"0543","49250","2015"
"0543","49251","2015"
"0543","49252","2015"
"0543","49253","2015"
"0543","49254","2015"
"0543","49255","2015"
"0084","49256","2015"
"0084","49257","2015"
"0084","49258","2015"
"0084","49259","2015"
"0084","49260","2015"
"0084","49261","2015"
"0084","49262","2015"
"0209","49263","2015"
"0209","49264","2015"
"0209","49265","2015"
"0448","49266","2015"
"0448","49267","2015"
"0508","49268","2015"
"0508","49269","2015"
"0508","49270","2015"
"0508","49271","2015"
"0508","49272","2015"
"0052","49273","2015"
"0052","49274","2015"
"0052","49275","2015"
"0052","49276","2015"
"0052","49277","2015"
"0052","49278","2015"
"0052","49279","2015"
"0052","49280","2015"
"0785","49281","2015"
"0088","49282","2015"
"0088","49283","2015"
"0088","49284","2015"
"0088","49285","2015"
"0088","49286","2015"
"0590","49287","2015"
"0590","49288","2015"
"0590","49289","2015"
"0287","49290","2015"
"0287","49291","2015"
"0287","49292","2015"
"0287","49293","2015"
"0620","49294","2015"
"0563","49295","2015"
"0563","49296","2015"
"0563","49297","2015"
"0701","49298","2015"
"0701","49299","2015"
"0701","49300","2015"
"0701","49301","2015"
"0257","49302","2015"
"0257","49303","2015"
"0568","49304","2015"
"0568","49305","2015"
"0568","49306","2015"
"0337","49307","2015"
"0337","49308","2015"
"0337","49309","2015"
"0337","49310","2015"
"0337","49311","2015"
"0747","49312","2015"
"0747","49313","2015"
"0747","49314","2015"
"0747","49315","2015"
"0747","49316","2015"
"0747","49317","2015"
"0747","49318","2015"
"0747","49319","2015"
"0747","49320","2015"
"0747","49321","2015"
"0509","49322","2015"
"0509","49323","2015"
"0509","49324","2015"
"0509","49325","2015"
"0509","49326","2015"
"0509","49327","2015"
"0509","49328","2015"
"0509","49329","2015"
"0509","49330","2015"
"0509","49331","2015"
"0509","49332","2015"
"0509","49333","2015"
"0289","49334","2015"
"0289","49335","2015"
"0289","49336","2015"
"0289","49337","2015"
"0289","49338","2015"
"0289","49339","2015"
"0289","49340","2015"
"0289","49341","2015"
"0581","49342","2015"
"0581","49343","2015"
"0581","49344","2015"
"0581","49345","2015"
"0581","49346","2015"
"0256","49347","2015"
"0256","49348","2015"
"0256","49349","2015"
"0256","49350","2015"
"0256","49351","2015"
"0256","49352","2015"
"0256","49353","2015"
"0256","49354","2015"
"0256","49355","2015"
"0256","49356","2015"
"0256","49357","2015"
"0256","49358","2015"
"0256","49359","2015"
"0256","49360","2015"
"0256","49361","2015"
"0256","49362","2015"
"0256","49363","2015"
"0256","49364","2015"
"0256","49365","2015"
"0256","49366","2015"
"0256","49367","2015"
"0256","49368","2015"
"0256","49369","2015"
"0256","49370","2015"
"0256","49371","2015"
"0256","49372","2015"
"0256","49373","2015"
"0256","49374","2015"
"0256","49375","2015"
"0256","49376","2015"
"0256","49377","2015"
"0256","49378","2015"
"0256","49379","2015"
"0256","49380","2015"
"0256","49381","2015"
"0256","49382","2015"
"0256","49383","2015"
"0082","49384","2015"
"0082","49385","2015"
"0082","49386","2015"
"0082","49387","2015"
"0082","49388","2015"
"0082","49389","2015"
"0082","49390","2015"
"0082","49391","2015"
"0082","49392","2015"
"0095","49393","2015"
"0095","49394","2015"
"0095","49395","2015"
"0095","49396","2015"
"0295","49397","2015"
"0295","49398","2015"
"0295","49399","2015"
"0295","49400","2015"
"0295","49401","2015"
"0764","49404","2015"
"0764","49405","2015"
"0764","49406","2015"
"0121","49407","2015"
"0121","49408","2015"
"0121","49409","2015"
"0121","49410","2015"
"0121","49411","2015"
"0121","49412","2015"
"0510","49413","2015"
"0510","49414","2015"
"0510","49415","2015"
"0510","49416","2015"
"0347","49417","2015"
"0347","49418","2015"
"0347","49419","2015"
"0347","49420","2015"
"0347","49421","2015"
"0707","49422","2015"
"0707","49423","2015"
"0603","49424","2015"
"0603","49425","2015"
"0603","49426","2015"
"0603","49427","2015"
"0230","49428","2015"
"0230","49429","2015"
"0230","49430","2015"
"0230","49431","2015"
"0230","49432","2015"
"0230","49433","2015"
"0230","49434","2015"
"0230","49435","2015"
"0230","49436","2015"
"0809","49437","2015"
"0809","49438","2015"
"0809","49439","2015"
"0809","49440","2015"
"0809","49441","2015"
"0139","49442","2015"
"0491","49443","2015"
"0491","49444","2015"
"0491","49445","2015"
"0491","49446","2015"
"0491","49447","2015"
"0491","49448","2015"
"0491","49449","2015"
"0491","49450","2015"
"0491","49451","2015"
"0491","49452","2015"
"0491","49453","2015"
"0491","49454","2015"
"0491","49455","2015"
"0324","49456","2015"
"0324","49457","2015"
"0324","49458","2015"
"0324","49459","2015"
"0324","49460","2015"
"0324","49461","2015"
"0324","49462","2015"
"0324","49463","2015"
"0725","49480","2015"
"0725","49481","2015"
"0725","49482","2015"
"0725","49483","2015"
"0018","49500","2015"
"0018","49501","2015"
"0604","49502","2015"
"0604","49503","2015"
"0604","49504","2015"
"0604","49505","2015"
"0604","49506","2015"
"0604","49507","2015"
"0604","49508","2015"
"0604","49509","2015"
"0604","49510","2015"
"0604","49511","2015"
"0604","49512","2015"
"0604","49513","2015"
"0604","49514","2015"
"0650","49515","2015"
"0650","49516","2015"
"0650","49517","2015"
"0650","49518","2015"
"0650","49519","2015"
"0650","49520","2015"
"0650","49521","2015"
"0650","49522","2015"
"0650","49523","2015"
"0650","49524","2015"
"0653","49525","2015"
"0653","49526","2015"
"0653","49527","2015"
"0653","49528","2015"
"0653","49529","2015"
"0653","49530","2015"
"0653","49531","2015"
"0653","49532","2015"
"0462","49533","2015"
"0462","49534","2015"
"0462","49535","2015"
"0462","49536","2015"
"0462","49537","2015"
"0462","49538","2015"
"0462","49539","2015"
"0462","49540","2015"
"0462","49541","2015"
"0462","49542","2015"
"0462","49543","2015"
"0462","49544","2015"
"0462","49545","2015"
"0462","49546","2015"
"0462","49547","2015"
"0462","49548","2015"
"0462","49549","2015"
"0462","49550","2015"
"0462","49551","2015"
"0028","49552","2015"
"0028","49553","2015"
"0028","49554","2015"
"0028","49555","2015"
"0028","49556","2015"
"0028","49557","2015"
"0377","49558","2015"
"0570","49559","2015"
"0570","49560","2015"
"0570","49561","2015"
"0570","49562","2015"
"0570","49563","2015"
"0570","49564","2015"
"0570","49565","2015"
"0570","49566","2015"
"0570","49567","2015"
"0149","49568","2015"
"0480","49569","2015"
"0626","49574","2015"
"0575","49575","2015"
"0575","49576","2015"
"0575","49577","2015"
"0575","49578","2015"
"0285","49579","2015"
"0607","49580","2015"
"0177","49613","2015"
"0177","49614","2015"
"0177","49615","2015"
"0177","49616","2015"
"0190","49617","2015"
"0190","49618","2015"
"0190","49619","2015"
"0190","49620","2015"
"0190","49621","2015"
"0227","49622","2015"
"0422","49623","2015"
"0422","49624","2015"
"0422","49625","2015"
"0422","49626","2015"
"0422","49627","2015"
"0422","49628","2015"
"0422","49629","2015"
"0422","49630","2015"
"0422","49631","2015"
"0102","49632","2015"
"0238","49633","2015"
"0238","49634","2015"
"0238","49635","2015"
"0426","49636","2015"
"0426","49637","2015"
"0657","49638","2015"
"0657","49639","2015"
"0406","49640","2015"
"0406","49641","2015"
"0406","49642","2015"
"0406","49643","2015"
"0406","49644","2015"
"0718","49645","2015"
"0718","49646","2015"
"0718","49647","2015"
"0718","49648","2015"
"0375","49649","2015"
"0375","49650","2015"
"0375","49651","2015"
"0375","49652","2015"
"0375","49653","2015"
"0484","49665","2015"
"0484","49666","2015"
"0484","49667","2015"
"0484","49668","2015"
"0484","49669","2015"
"0484","49670","2015"
"0484","49671","2015"
"0484","49672","2015"
"0638","49673","2015"
"0638","49674","2015"
"0638","49675","2015"
"0638","49676","2015"
"0638","49677","2015"
"0638","49678","2015"
"0638","49679","2015"
"0638","49680","2015"
"0638","49681","2015"
"0638","49682","2015"
"0252","49683","2015"
"0252","49684","2015"
"0252","49685","2015"
"0252","49686","2015"
"0252","49687","2015"
"0252","49688","2015"
"0252","49689","2015"
"0485","49690","2015"
"0485","49691","2015"
"0485","49692","2015"
"0485","49693","2015"
"0515","49694","2015"
"0515","49695","2015"
"0515","49696","2015"
"0515","49697","2015"
"0515","49698","2015"
"0515","49699","2015"
"0515","49700","2015"
"0473","49701","2015"
"0473","49702","2015"
"0473","49703","2015"
"0473","49704","2015"
"0273","49705","2015"
"0273","49706","2015"
"0273","49707","2015"
"0273","49708","2015"
"0521","49709","2015"
"0521","49710","2015"
"0521","49711","2015"
"0521","49712","2015"
"0521","49713","2015"
"0633","49714","2015"
"0633","49715","2015"
"0633","49716","2015"
"0633","49717","2015"
"0633","49718","2015"
"0074","49719","2015"
"0074","49720","2015"
"0074","49721","2015"
"0074","49722","2015"
"0074","49723","2015"
"0074","49724","2015"
"0629","49725","2015"
"0629","49726","2015"
"0629","49727","2015"
"0629","49728","2015"
"0421","49729","2015"
"0021","49730","2015"
"0021","49731","2015"
"0021","49732","2015"
"0021","49733","2015"
"0298","49734","2015"
"0298","49735","2015"
"0298","49736","2015"
"0298","49737","2015"
"0298","49738","2015"
"0598","49769","2015"
"0648","49770","2015"
"0648","49771","2015"
"0648","49772","2015"
"0648","49773","2015"
"0648","49774","2015"
"0648","49775","2015"
"0648","49776","2015"
"0648","49777","2015"
"0648","49778","2015"
"0648","49779","2015"
"0648","49780","2015"
"0496","49781","2015"
"0496","49782","2015"
"0496","49783","2015"
"0496","49784","2015"
"0496","49785","2015"
"0496","49786","2015"
"0496","49787","2015"
"0496","49788","2015"
"0496","49789","2015"
"0496","49790","2015"
"0496","49791","2015"
"0496","49792","2015"
"0496","49793","2015"
"0496","49794","2015"
"0496","49795","2015"
"0496","49796","2015"
"0496","49797","2015"
"0496","49798","2015"
"0496","49799","2015"
"0496","49800","2015"
"0496","49801","2015"
"0496","49802","2015"
"0496","49803","2015"
"0496","49804","2015"
"0496","49805","2015"
"0496","49806","2015"
"0496","49807","2015"
"0496","49808","2015"
"0496","49809","2015"
"0496","49810","2015"
"0241","49813","2015"
"0001","49814","2015"
"0270","49815","2015"
"0270","49816","2015"
"0270","49817","2015"
"0270","49818","2015"
"0270","49819","2015"
"0270","49820","2015"
"0270","49821","2015"
"0270","49822","2015"
"0270","49823","2015"
"0270","49824","2015"
"0270","49825","2015"
"0415","49826","2015"
"0415","49827","2015"
"0415","49828","2015"
"0415","49829","2015"
"0415","49830","2015"
"0415","49831","2015"
"0415","49832","2015"
"0415","49833","2015"
"0415","49834","2015"
"0415","49835","2015"
"0415","49836","2015"
"0415","49837","2015"
"0415","49838","2015"
"0415","49839","2015"
"0415","49840","2015"
"0415","49841","2015"
"0415","49842","2015"
"0251","49843","2015"
"0251","49844","2015"
"0251","49845","2015"
"0251","49846","2015"
"0251","49847","2015"
"0251","49848","2015"
"0251","49849","2015"
"0235","49852","2015"
"0235","49853","2015"
"0235","49854","2015"
"0235","49855","2015"
"0235","49856","2015"
"0560","49857","2015"
"0634","49858","2015"
"0436","49859","2015"
"0436","49860","2015"
"0436","49861","2015"
"0436","49862","2015"
"0436","49863","2015"
"0436","49864","2015"
"0436","49865","2015"
"0436","49866","2015"
"0436","49867","2015"
"0436","49868","2015"
"0436","49869","2015"
"0436","49870","2015"
"0436","49871","2015"
"0436","49872","2015"
"0436","49873","2015"
"0436","49874","2015"
"0436","49875","2015"
"0436","49876","2015"
"0436","49877","2015"
"0436","49878","2015"
"0520","49881","2015"
"0520","49882","2015"
"0520","49883","2015"
"0520","49884","2015"
"0520","49885","2015"
"0520","49886","2015"
"0520","49887","2015"
"0520","49888","2015"
"0253","49889","2015"
"0253","49890","2015"
"0253","49891","2015"
"0253","49892","2015"
"0253","49893","2015"
"0253","49894","2015"
"0253","49895","2015"
"0253","49896","2015"
"0737","49897","2015"
"0737","49898","2015"
"0737","49899","2015"
"0737","49900","2015"
"0294","49901","2015"
"0294","49902","2015"
"0108","49903","2015"
"0108","49904","2015"
"0108","49905","2015"
"0108","49906","2015"
"0108","49907","2015"
"0108","49908","2015"
"0108","49909","2015"
"0108","49910","2015"
"0108","49911","2015"
"0108","49912","2015"
"0108","49913","2015"
"0005","49914","2015"
"0005","49915","2015"
"0005","49916","2015"
"0005","49917","2015"
"0262","49918","2015"
"0262","49919","2015"
"0262","49920","2015"
"0262","49921","2015"
"0262","49922","2015"
"0262","49923","2015"
"0262","49924","2015"
"0262","49925","2015"
"0262","49926","2015"
"0262","49927","2015"
"0262","49928","2015"
"0262","49929","2015"
"0262","49930","2015"
"0262","49931","2015"
"0262","49932","2015"
"0262","49933","2015"
"0262","49934","2015"
"0262","49935","2015"
"0262","49936","2015"
"0262","49937","2015"
"0262","49938","2015"
"0262","49939","2015"
"0262","49940","2015"
"0262","49941","2015"
"0262","49942","2015"
"0262","49943","2015"
"0262","49944","2015"
"0477","49945","2015"
"0477","49946","2015"
"0477","49947","2015"
"0477","49948","2015"
"0477","49949","2015"
"0477","49950","2015"
"0477","49951","2015"
"0034","49961","2015"
"0034","49962","2015"
"0034","49963","2015"
"0034","49964","2015"
"0579","49965","2015"
"0579","49966","2015"
"0574","49967","2015"
"0254","49968","2015"
"0150","49969","2015"
"0150","49970","2015"
"0150","49971","2015"
"0150","49972","2015"
"0150","49973","2015"
"0150","49974","2015"
"0150","49975","2015"
"0150","49976","2015"
"0551","49977","2015"
"0551","49978","2015"
"0551","49979","2015"
"0551","49980","2015"
"0551","49981","2015"
"0551","49982","2015"
"0551","49983","2015"
"0551","49984","2015"
"0551","49985","2015"
"0551","49986","2015"
"0002","49987","2015"
"0615","49995","2015"
"0615","49996","2015"
"0202","49997","2015"
"0202","49998","2015"
"0202","49999","2015"
"0202","50000","2015"
"0202","50001","2015"
"0202","50002","2015"
"0202","50003","2015"
"0461","50004","2015"
"0461","50005","2015"
"0461","50006","2015"
"0461","50007","2015"
"0461","50008","2015"
"0461","50009","2015"
"0773","50010","2015"
"0773","50011","2015"
"0773","50012","2015"
"0773","50013","2015"
"0587","50014","2015"
"0587","50015","2015"
"0587","50016","2015"
"0513","50017","2015"
"0513","50018","2015"
"0513","50019","2015"
"0513","50020","2015"
"0513","50021","2015"
"0513","50022","2015"
"0178","50023","2015"
"0178","50024","2015"
"0178","50025","2015"
"0178","50026","2015"
"0178","50027","2015"
"0178","50028","2015"
"0178","50029","2015"
"0178","50030","2015"
"0178","50031","2015"
"0178","50032","2015"
"0529","50033","2015"
"0529","50034","2015"
"0529","50035","2015"
"0529","50036","2015"
"0529","50037","2015"
"0529","50038","2015"
"0529","50039","2015"
"0529","50040","2015"
"0529","50041","2015"
"0529","50042","2015"
"0529","50043","2015"
"0229","50044","2015"
"0229","50045","2015"
"0229","50046","2015"
"0229","50047","2015"
"0229","50048","2015"
"0774","50049","2015"
"0774","50050","2015"
"0774","50051","2015"
"0774","50052","2015"
"0774","50053","2015"
"0079","50054","2015"
"0079","50055","2015"
"0079","50056","2015"
"0079","50057","2015"
"0079","50058","2015"
"0079","50059","2015"
"0079","50060","2015"
"0079","50061","2015"
"0079","50062","2015"
"0079","50063","2015"
"0079","50064","2015"
"0079","50065","2015"
"0079","50066","2015"
"0079","50067","2015"
"0079","50068","2015"
"0079","50069","2015"
"0079","50070","2015"
"0079","50071","2015"
"0079","50072","2015"
"0079","50073","2015"
"0079","50074","2015"
"0079","50075","2015"
"0079","50076","2015"
"0079","50077","2015"
"0079","50078","2015"
"0079","50079","2015"
"0079","50080","2015"
"0079","50081","2015"
"0079","50082","2015"
"0079","50083","2015"
"0079","50084","2015"
"0079","50085","2015"
"0079","50086","2015"
"0079","50087","2015"
"0079","50088","2015"
"0079","50089","2015"
"0079","50090","2015"
"0079","50091","2015"
"0079","50092","2015"
"0079","50093","2015"
"0079","50094","2015"
"0079","50095","2015"
"0369","50096","2015"
"0369","50097","2015"
"0369","50098","2015"
"0369","50099","2015"
"0369","50100","2015"
"0369","50101","2015"
"0369","50102","2015"
"0369","50103","2015"
"0369","50104","2015"
"0369","50105","2015"
"0369","50106","2015"
"0369","50107","2015"
"0369","50108","2015"
"0361","50109","2015"
"0361","50110","2015"
"0361","50111","2015"
"0361","50112","2015"
"0361","50113","2015"
"0361","50114","2015"
"0361","50115","2015"
"0361","50116","2015"
"0361","50117","2015"
"0639","50118","2015"
"0639","50119","2015"
"0639","50120","2015"
"0639","50121","2015"
"0639","50122","2015"
"0639","50123","2015"
"0639","50124","2015"
"0585","50125","2015"
"0243","50126","2015"
"0727","50127","2015"
"0727","50128","2015"
"0727","50129","2015"
"0727","50130","2015"
"0727","50131","2015"
"0727","50132","2015"
"0727","50133","2015"
"0727","50134","2015"
"0164","50135","2015"
"0164","50136","2015"
"0164","50137","2015"
"0164","50138","2015"
"0164","50139","2015"
"0164","50140","2015"
"0164","50141","2015"
"0164","50142","2015"
"0164","50143","2015"
"0164","50144","2015"
"0201","50145","2015"
"0201","50146","2015"
"0201","50147","2015"
"0201","50148","2015"
"0033","50150","2015"
"0033","50151","2015"
"0033","50152","2015"
"0033","50153","2015"
"0033","50154","2015"
"0033","50155","2015"
"0033","50156","2015"
"0089","50157","2015"
"0089","50158","2015"
"0089","50159","2015"
"0089","50160","2015"
"0089","50161","2015"
"0089","50162","2015"
"0097","50163","2015"
"0097","50164","2015"
"0097","50165","2015"
"0097","50166","2015"
"0097","50167","2015"
"0097","50168","2015"
"0097","50169","2015"
"0097","50170","2015"
"0097","50171","2015"
"0384","50172","2015"
"0030","50173","2015"
"0030","50174","2015"
"0030","50175","2015"
"0030","50176","2015"
"0030","50177","2015"
"0080","50178","2015"
"0036","50179","2015"
"0036","50180","2015"
"0036","50181","2015"
"0036","50182","2015"
"0036","50183","2015"
"0527","50184","2015"
"0527","50185","2015"
"0527","50186","2015"
"0527","50187","2015"
"0527","50188","2015"
"0527","50189","2015"
"0527","50190","2015"
"0527","50191","2015"
"0700","50192","2015"
"0700","50193","2015"
"0700","50194","2015"
"0700","50195","2015"
"0700","50196","2015"
"0700","50197","2015"
"0700","50198","2015"
"0700","50199","2015"
"0700","50200","2015"
"0690","50201","2015"
"0020","50202","2015"
"0020","50203","2015"
"0020","50204","2015"
"0020","50205","2015"
"0020","50206","2015"
"0020","50207","2015"
"0020","50208","2015"
"0020","50209","2015"
"0020","50210","2015"
"0813","50211","2015"
"0813","50212","2015"
"0455","50217","2015"
"0455","50218","2015"
"0444","50219","2015"
"0444","50220","2015"
"0444","50221","2015"
"0444","50222","2015"
"0444","50223","2015"
"0444","50224","2015"
"0444","50225","2015"
"0724","50226","2015"
"0724","50227","2015"
"0724","50228","2015"
"0724","50229","2015"
"0724","50230","2015"
"0724","50231","2015"
"0724","50232","2015"
"0056","50233","2015"
"0056","50234","2015"
"0056","50235","2015"
"0056","50236","2015"
"0056","50237","2015"
"0037","50238","2015"
"0037","50239","2015"
"0037","50240","2015"
"0037","50241","2015"
"0040","50242","2015"
"0040","50243","2015"
"0040","50244","2015"
"0040","50245","2015"
"0040","50246","2015"
"0040","50247","2015"
"0040","50248","2015"
"0432","50254","2015"
"0432","50255","2015"
"0432","50256","2015"
"0769","50257","2015"
"0769","50258","2015"
"0769","50259","2015"
"0769","50260","2015"
"0769","50261","2015"
"0769","50262","2015"
"0769","50263","2015"
"0769","50264","2015"
"0412","50265","2015"
"0412","50266","2015"
"0412","50267","2015"
"0412","50268","2015"
"0412","50269","2015"
"0412","50270","2015"
"0514","50271","2015"
"0514","50272","2015"
"0514","50273","2015"
"0514","50274","2015"
"0514","50275","2015"
"0514","50276","2015"
"0514","50277","2015"
"0514","50278","2015"
"0687","50279","2015"
"0687","50280","2015"
"0561","50281","2015"
"0561","50282","2015"
"0561","50283","2015"
"0561","50284","2015"
"0372","50294","2015"
"0372","50295","2015"
"0372","50296","2015"
"0372","50297","2015"
"0372","50298","2015"
"0372","50299","2015"
"0372","50300","2015"
"0372","50301","2015"
"0372","50302","2015"
"0556","50303","2015"
"0556","50304","2015"
"0556","50305","2015"
"0556","50306","2015"
"0556","50307","2015"
"0556","50308","2015"
"0556","50309","2015"
"0556","50310","2015"
"0556","50311","2015"
"0367","50312","2015"
"0367","50313","2015"
"0367","50314","2015"
"0367","50315","2015"
"0367","50316","2015"
"0367","50317","2015"
"0367","50318","2015"
"0181","50319","2015"
"0181","50320","2015"
"0181","50321","2015"
"0216","50322","2015"
"0216","50323","2015"
"0216","50324","2015"
"0216","50325","2015"
"0216","50326","2015"
"0216","50327","2015"
"0216","50328","2015"
"0216","50329","2015"
"0216","50330","2015"
"0216","50331","2015"
"0564","50332","2015"
"0564","50333","2015"
"0564","50334","2015"
"0744","50335","2015"
"0744","50336","2015"
"0744","50337","2015"
"0463","50338","2015"
"0463","50339","2015"
"0463","50340","2015"
"0463","50341","2015"
"0463","50342","2015"
"0463","50343","2015"
"0463","50344","2015"
"0463","50345","2015"
"0463","50346","2015"
"0463","50347","2015"
"0463","50348","2015"
"0463","50349","2015"
"0463","50350","2015"
"0463","50351","2015"
"0463","50352","2015"
"0463","50353","2015"
"0463","50354","2015"
"0463","50355","2015"
"0463","50356","2015"
"0463","50357","2015"
"0463","50358","2015"
"0463","50359","2015"
"0220","50360","2015"
"0220","50361","2015"
"0493","50362","2015"
"0493","50363","2015"
"0493","50364","2015"
"0312","50365","2015"
"0312","50366","2015"
"0312","50367","2015"
"0312","50368","2015"
"0680","50369","2015"
"0366","50466","2015"
"0366","50467","2015"
"0366","50468","2015"
"0366","50469","2015"
"0039","50470","2015"
"0039","50471","2015"
"0039","50472","2015"
"0039","50473","2015"
"0486","50475","2015"
"0486","50476","2015"
"0486","50477","2015"
"0032","50486","2015"
"0032","50487","2015"
"0032","50488","2015"
"0032","50489","2015"
"0260","50490","2015"
"0260","50491","2015"
"0260","50492","2015"
"0260","50493","2015"
"0260","50494","2015"
"0260","50495","2015"
"0260","50496","2015"
"0260","50497","2015"
"0260","50498","2015"
"0260","50499","2015"
"0683","50500","2015"
"0683","50501","2015"
"0683","50502","2015"
"0683","50503","2015"
"0683","50504","2015"
"0683","50505","2015"
"0683","50506","2015"
"0683","50507","2015"
"0683","50508","2015"
"0475","50533","2015"
"0261","50534","2015"
"0261","50535","2015"
"0261","50536","2015"
"0299","50537","2015"
"0697","50538","2015"
"0697","50539","2015"
"0697","50540","2015"
"0697","50541","2015"
"0697","50542","2015"
"0697","50543","2015"
"0697","50544","2015"
"0697","50545","2015"
"0309","50554","2015"
"0490","50555","2015"
"0490","50556","2015"
"0490","50557","2015"
"0490","50558","2015"
"0490","50559","2015"
"0490","50560","2015"
"0490","50561","2015"
"0490","50562","2015"
"0490","50563","2015"
"0490","50564","2015"
"0490","50565","2015"
"0490","50566","2015"
"0490","50567","2015"
"0490","50568","2015"
"0490","50569","2015"
"0490","50570","2015"
"0290","50571","2015"
"0290","50572","2015"
"0290","50573","2015"
"0290","50574","2015"
"0290","50575","2015"
"0290","50576","2015"
"0290","50577","2015"
"0290","50578","2015"
"0290","50579","2015"
"0195","50580","2015"
"0195","50581","2015"
"0195","50582","2015"
"0195","50583","2015"
"0195","50584","2015"
"0195","50585","2015"
"0195","50586","2015"
"0195","50587","2015"
"0195","50588","2015"
"0195","50589","2015"
"0195","50590","2015"
"0195","50591","2015"
"0195","50592","2015"
"0195","50593","2015"
"0195","50594","2015"
"0195","50595","2015"
"0110","50622","2015"
"0110","50623","2015"
"0110","50624","2015"
"0110","50625","2015"
"0110","50626","2015"
"0110","50627","2015"
"0110","50628","2015"
"0110","50629","2015"
"0110","50630","2015"
"0313","50631","2015"
"0547","50632","2015"
"0757","50641","2015"
"0757","50642","2015"
"0757","50643","2015"
"0757","50644","2015"
"0757","50645","2015"
"0757","50646","2015"
"0757","50647","2015"
"0757","50648","2015"
"0757","50649","2015"
"0757","50650","2015"
"0757","50651","2015"
"0628","50652","2015"
"0628","50653","2015"
"0628","50654","2015"
"0322","50655","2015"
"0322","50656","2015"
"0322","50657","2015"
"0322","50658","2015"
"0322","50659","2015"
"0322","50660","2015"
"0630","50661","2015"
"0555","50662","2015"
"0555","50663","2015"
"0787","50664","2015"
"0787","50665","2015"
"0787","50666","2015"
"0787","50667","2015"
"0780","50668","2015"
"0780","50669","2015"
"0780","50670","2015"
"0780","50671","2015"
"0780","50672","2015"
"0780","50673","2015"
"0780","50674","2015"
"0780","50675","2015"
"0092","50684","2015"
"0078","50685","2015"
"0078","50686","2015"
"0078","50687","2015"
"0078","50688","2015"
"0078","50689","2015"
"0078","50690","2015"
"0078","50691","2015"
"0078","50692","2015"
"0078","50693","2015"
"0078","50694","2015"
"0078","50695","2015"
"0172","50696","2015"
"0661","50697","2015"
"0661","50698","2015"
"0661","50699","2015"
"0661","50700","2015"
"0661","50701","2015"
"0661","50702","2015"
"0661","50703","2015"
"0661","50704","2015"
"0695","50705","2015"
"0695","50706","2015"
"0694","50707","2015"
"0736","50708","2015"
"0736","50709","2015"
"0012","50710","2015"
"0012","50711","2015"
"0012","50712","2015"
"0784","50713","2015"
"0784","50714","2015"
"0784","50715","2015"
"0784","50716","2015"
"0784","50717","2015"
"0784","50718","2015"
"0784","50719","2015"
"0784","50720","2015"
"0784","50721","2015"
"0784","50722","2015"
"0073","50723","2015"
"0642","50724","2015"
"0642","50725","2015"
"0642","50726","2015"
"0642","50727","2015"
"0060","50736","2015"
"0679","50737","2015"
"0679","50738","2015"
"0679","50739","2015"
"0679","50740","2015"
"0679","50741","2015"
"0401","50742","2015"
"0401","50743","2015"
"0401","50744","2015"
"0401","50745","2015"
"0401","50746","2015"
"0401","50747","2015"
"0401","50748","2015"
"0401","50749","2015"
"0401","50750","2015"
"0401","50751","2015"
"0401","50752","2015"
"0401","50753","2015"
"0401","50754","2015"
"0539","50768","2015"
"0539","50769","2015"
"0217","50771","2015"
"0217","50772","2015"
"0217","50773","2015"
"0217","50774","2015"
"0217","50775","2015"
"0723","50776","2015"
"0723","50777","2015"
"0723","50778","2015"
"0723","50779","2015"
"0723","50780","2015"
"0723","50781","2015"
"0015","50782","2015"
"0015","50783","2015"
"0015","50784","2015"
"0015","50785","2015"
"0548","50786","2015"
"0548","50787","2015"
"0548","50788","2015"
"0548","50789","2015"
"0548","50790","2015"
"0548","50791","2015"
"0548","50792","2015"
"0548","50793","2015"
"0548","50794","2015"
"0099","50795","2015"
"0099","50796","2015"
"0099","50797","2015"
"0099","50798","2015"
"0099","50799","2015"
"0099","50800","2015"
"0099","50801","2015"
"0099","50802","2015"
"0099","50803","2015"
"0099","50804","2015"
"0099","50805","2015"
"0099","50806","2015"
"0099","50807","2015"
"0616","50808","2015"
"0059","50809","2015"
"0059","50810","2015"
"0059","50811","2015"
"0456","50812","2015"
"0456","50813","2015"
"0456","50814","2015"
"0456","50815","2015"
"0300","50816","2015"
"0300","50817","2015"
"0300","50818","2015"
"0300","50819","2015"
"0300","50820","2015"
"0577","50821","2015"
"0577","50822","2015"
"0577","50823","2015"
"0577","50824","2015"
"0577","50825","2015"
"0749","50826","2015"
"0749","50827","2015"
"0749","50828","2015"
"0749","50829","2015"
"0749","50830","2015"
"0749","50831","2015"
"0749","50832","2015"
"0749","50833","2015"
"0749","50834","2015"
"0749","50835","2015"
"0749","50836","2015"
"0749","50837","2015"
"0749","50838","2015"
"0749","50839","2015"
"0208","50840","2015"
"0208","50841","2015"
"0208","50842","2015"
"0208","50843","2015"
"0340","50844","2015"
"0340","50845","2015"
"0340","50846","2015"
"0340","50847","2015"
"0340","50848","2015"
"0340","50849","2015"
"0340","50850","2015"
"0812","50851","2015"
"0812","50852","2015"
"0225","50853","2015"
"0179","50854","2015"
"0179","50855","2015"
"0179","50856","2015"
"0179","50857","2015"
"0637","50858","2015"
"0449","50860","2015"
"0449","50861","2015"
"0449","50862","2015"
"0449","50863","2015"
"0194","50864","2015"
"0194","50865","2015"
"0194","50866","2015"
"0194","50867","2015"
"0512","50868","2015"
"0512","50869","2015"
"0512","50870","2015"
"0512","50871","2015"
"0512","50872","2015"
"0512","50873","2015"
"0512","50874","2015"
"0733","50875","2015"
"0733","50876","2015"
"0733","50877","2015"
"0117","50878","2015"
"0117","50879","2015"
"0117","50880","2015"
"0117","50881","2015"
"0482","50882","2015"
"0482","50883","2015"
"0482","50884","2015"
"0482","50885","2015"
"0482","50886","2015"
"0482","50887","2015"
"0482","50888","2015"
"0482","50889","2015"
"0482","50890","2015"
"0482","50891","2015"
"0482","50892","2015"
"0482","50893","2015"
"0482","50894","2015"
"0371","50895","2015"
"0371","50896","2015"
"0371","50897","2015"
"0371","50898","2015"
"0311","50899","2015"
"0311","50900","2015"
"0311","50901","2015"
"0311","50902","2015"
"0311","50903","2015"
"0198","50904","2015"
"0259","50905","2015"
"0259","50906","2015"
"0259","50907","2015"
"0259","50908","2015"
"0259","50909","2015"
"0259","50910","2015"
"0259","50911","2015"
"0184","50912","2015"
"0184","50913","2015"
"0184","50914","2015"
"0184","50915","2015"
"0332","50916","2015"
"0332","50917","2015"
"0332","50918","2015"
"0332","50919","2015"
"0332","50920","2015"
"0332","50921","2015"
"0332","50922","2015"
"0332","50923","2015"
"0332","50924","2015"
"0631","50925","2015"
"0631","50926","2015"
"0631","50927","2015"
"0631","50928","2015"
"0631","50929","2015"
"0631","50930","2015"
"0631","50931","2015"
"0631","50932","2015"
"0329","50933","2015"
"0329","50934","2015"
"0329","50935","2015"
"0329","50936","2015"
"0533","50937","2015"
"0533","50938","2015"
"0533","50939","2015"
"0533","50940","2015"
"0533","50941","2015"
"0533","50942","2015"
"0533","50943","2015"
"0533","50944","2015"
"0533","50945","2015"
"0533","50946","2015"
"0071","50947","2015"
"0071","50948","2015"
"0071","50949","2015"
"0071","50950","2015"
"0071","50951","2015"
"0071","50952","2015"
"0071","50953","2015"
"0071","50954","2015"
"0071","50955","2015"
"0071","50956","2015"
"0503","50957","2015"
"0503","50958","2015"
"0503","50959","2015"
"0503","50960","2015"
"0503","50961","2015"
"0016","50962","2015"
"0016","50963","2015"
"0016","50964","2015"
"0016","50965","2015"
"0016","50966","2015"
"0011","50967","2015"
"0011","50968","2015"
"0011","50969","2015"
"0011","50970","2015"
"0011","50971","2015"
"0011","50972","2015"
"0011","50973","2015"
"0011","50974","2015"
"0011","50975","2015"
"0011","50976","2015"
"0049","50977","2015"
"0049","50978","2015"
"0049","50979","2015"
"0049","50980","2015"
"0049","50981","2015"
"0405","50982","2015"
"0405","50983","2015"
"0405","50984","2015"
"0674","50985","2015"
"0674","50986","2015"
"0674","50987","2015"
"0772","50988","2015"
"0772","50989","2015"
"0772","50990","2015"
"0180","50994","2015"
"0180","50995","2015"
"0029","50996","2015"
"0029","50997","2015"
"0029","50998","2015"
"0029","50999","2015"
"0029","51000","2015"
"0029","51001","2015"
"0029","51002","2015"
"0029","51003","2015"
"0029","51004","2015"
"0029","51005","2015"
"0029","51006","2015"
"0029","51007","2015"
"0433","51008","2015"
"0433","51009","2015"
"0433","51010","2015"
"0654","51011","2015"
"0654","51012","2015"
"0183","51013","2015"
"0183","51014","2015"
"0183","51015","2015"
"0183","51016","2015"
"0183","51017","2015"
"0183","51018","2015"
"0183","51019","2015"
"0183","51020","2015"
"0183","51021","2015"
"0183","51022","2015"
"0183","51023","2015"
"0183","51024","2015"
"0183","51025","2015"
"0183","51026","2015"
"0416","51027","2015"
"0416","51028","2015"
"0416","51029","2015"
"0416","51030","2015"
"0416","51031","2015"
"0416","51032","2015"
"0416","51033","2015"
"0416","51034","2015"
"0416","51035","2015"
"0416","51036","2015"
"0416","51037","2015"
"0416","51038","2015"
"0416","51039","2015"
"0416","51040","2015"
"0120","51041","2015"
"0120","51042","2015"
"0120","51043","2015"
"0120","51044","2015"
"0120","51045","2015"
"0120","51046","2015"
"0120","51047","2015"
"0120","51048","2015"
"0120","51049","2015"
"0120","51050","2015"
"0120","51051","2015"
"0120","51052","2015"
"0035","51053","2015"
"0035","51054","2015"
"0035","51055","2015"
"0233","51056","2015"
"0233","51057","2015"
"0233","51058","2015"
"0233","51059","2015"
"0212","51065","2015"
"0212","51066","2015"
"0212","51067","2015"
"0212","51068","2015"
"0236","51069","2015"
"0567","51070","2015"
"0567","51071","2015"
"0567","51072","2015"
"0567","51073","2015"
"0567","51074","2015"
"0567","51075","2015"
"0567","51076","2015"
"0567","51077","2015"
"0459","51078","2015"
"0459","51079","2015"
"0459","51080","2015"
"0459","51081","2015"
"0363","51082","2015"
"0363","51083","2015"
"0363","51084","2015"
"0363","51085","2015"
"0363","51086","2015"
"0363","51087","2015"
"0363","51088","2015"
"0191","51089","2015"
"0191","51090","2015"
"0191","51091","2015"
"0191","51092","2015"
"0191","51093","2015"
"0582","51094","2015"
"0582","51095","2015"
"0582","51096","2015"
"0582","51097","2015"
"0582","51098","2015"
"0582","51099","2015"
"0048","51100","2015"
"0048","51101","2015"
"0048","51102","2015"
"0048","51103","2015"
"0692","51104","2015"
"0692","51105","2015"
"0692","51106","2015"
"0323","51107","2015"
"0323","51108","2015"
"0323","51109","2015"
"0323","51110","2015"
"0323","51111","2015"
"0323","51112","2015"
"0323","51113","2015"
"0323","51114","2015"
"0323","51115","2015"
"0323","51116","2015"
"0086","51117","2015"
"0808","51118","2015"
"0808","51119","2015"
"0808","51120","2015"
"0808","51121","2015"
"0808","51122","2015"
"0808","51123","2015"
"0808","51124","2015"
"0808","51125","2015"
"0265","51126","2015"
"0265","51127","2015"
"0265","51128","2015"
"0265","51129","2015"
"0265","51130","2015"
"0265","51131","2015"
"0265","51132","2015"
"0265","51133","2015"
"0265","51134","2015"
"0210","51135","2015"
"0210","51136","2015"
"0210","51137","2015"
"0038","51138","2015"
"0038","51139","2015"
"0038","51140","2015"
"0038","51141","2015"
"0038","51142","2015"
"0038","51143","2015"
"0009","51144","2015"
"0525","51145","2015"
"0525","51146","2015"
"0525","51147","2015"
"0525","51148","2015"
"0525","51149","2015"
"0525","51150","2015"
"0350","51151","2015"
"0350","51152","2015"
"0350","51153","2015"
"0350","51154","2015"
"0453","51155","2015"
"0453","51156","2015"
"0453","51157","2015"
"0453","51158","2015"
"0453","51159","2015"
"0453","51160","2015"
"0453","51161","2015"
"0258","51162","2015"
"0758","51163","2015"
"0758","51164","2015"
"0758","51165","2015"
"0758","51166","2015"
"0046","51167","2015"
"0046","51168","2015"
"0046","51169","2015"
"0046","51170","2015"
"0206","51171","2015"
"0206","51172","2015"
"0206","51173","2015"
"0206","51174","2015"
"0394","51175","2015"
"0394","51176","2015"
"0394","51177","2015"
"0006","51178","2015"
"0006","51179","2015"
"0006","51180","2015"
"0006","51181","2015"
"0006","51182","2015"
"0006","51183","2015"
"0752","51184","2015"
"0752","51185","2015"
"0752","51186","2015"
"0752","51187","2015"
"0752","51188","2015"
"0752","51189","2015"
"0027","51190","2015"
"0027","51191","2015"
"0027","51192","2015"
"0027","51193","2015"
"0027","51194","2015"
"0027","51195","2015"
"0027","51196","2015"
"0027","51197","2015"
"0027","51198","2015"
"0027","51199","2015"
"0027","51200","2015"
"0027","51201","2015"
"0058","51202","2015"
"0058","51203","2015"
"0058","51204","2015"
"0058","51205","2015"
"0741","51206","2015"
"0741","51207","2015"
"0741","51208","2015"
"0741","51209","2015"
"0696","51210","2015"
"0696","51211","2015"
"0696","51212","2015"
"0696","51213","2015"
"0696","51214","2015"
"0696","51215","2015"
"0696","51216","2015"
"0696","51217","2015"
"0696","51218","2015"
"0696","51219","2015"
"0696","51220","2015"
"0696","51221","2015"
"0696","51222","2015"
"0196","51223","2015"
"0196","51224","2015"
"0196","51225","2015"
"0196","51226","2015"
"0196","51227","2015"
"0196","51228","2015"
"0196","51229","2015"
"0196","51230","2015"
"0196","51231","2015"
"0196","51232","2015"
"0196","51233","2015"
"0023","51234","2015"
"0023","51235","2015"
"0023","51236","2015"
"0023","51237","2015"
"0023","51238","2015"
"0023","51239","2015"
"0023","51240","2015"
"0023","51241","2015"
"0614","51242","2015"
"0614","51243","2015"
"0614","51244","2015"
"0557","51245","2015"
"0557","51246","2015"
"0557","51247","2015"
"0557","51248","2015"
"0557","51249","2015"
"0557","51250","2015"
"0557","51251","2015"
"0557","51252","2015"
"0557","51253","2015"
"0557","51254","2015"
"0557","51255","2015"
"0069","51256","2015"
"0069","51257","2015"
"0069","51258","2015"
"0069","51259","2015"
"0004","51260","2015"
"0004","51261","2015"
"0004","51262","2015"
"0004","51263","2015"
"0284","51264","2015"
"0085","51265","2015"
"0085","51266","2015"
"0085","51267","2015"
"0085","51268","2015"
"0085","51269","2015"
"0085","51270","2015"
"0085","51271","2015"
"0085","51272","2015"
"0085","51273","2015"
"0223","51274","2015"
"0223","51275","2015"
"0223","51276","2015"
"0223","51277","2015"
"0223","51278","2015"
"0223","51279","2015"
"0075","51280","2015"
"0075","51281","2015"
"0075","51282","2015"
"0075","51283","2015"
"0075","51284","2015"
"0075","51285","2015"
"0075","51286","2015"
"0075","51287","2015"
"0075","51288","2015"
"0075","51289","2015"
"0075","51290","2015"
"0075","51291","2015"
"0075","51292","2015"
"0075","51293","2015"
"0075","51294","2015"
"0075","51295","2015"
"0075","51296","2015"
"0019","51297","2015"
"0019","51298","2015"
"0019","51299","2015"
"0019","51300","2015"
"0019","51301","2015"
"0019","51302","2015"
"0019","51303","2015"
"0019","51304","2015"
"0356","51305","2015"
"0331","51306","2015"
"0331","51307","2015"
"0331","51308","2015"
"0331","51309","2015"
"0331","51310","2015"
"0331","51311","2015"
"0331","51312","2015"
"0331","51313","2015"
"0331","51314","2015"
"0331","51315","2015"
"0331","51316","2015"
"0331","51317","2015"
"0331","51318","2015"
"0331","51319","2015"
"0331","51320","2015"
"0331","51321","2015"
"0331","51322","2015"
"0331","51323","2015"
"0291","51324","2015"
"0291","51325","2015"
"0291","51326","2015"
"0291","51327","2015"
"0291","51328","2015"
"0291","51329","2015"
"0291","51330","2015"
"0291","51331","2015"
"0291","51332","2015"
"0291","51333","2015"
"0334","51334","2015"
"0786","51335","2015"
"0077","51336","2015"
"0077","51337","2015"
"0077","51338","2015"
"0077","51339","2015"
"0077","51340","2015"
"0711","51341","2015"
"0031","51342","2015"
"0031","51343","2015"
"0031","51344","2015"
"0031","51345","2015"
"0031","51346","2015"
"0360","51348","2015"
"0360","51349","2015"
"0360","51350","2015"
"0360","51351","2015"
"0360","51352","2015"
"0360","51353","2015"
"0360","51354","2015"
"0360","51355","2015"
"0360","51356","2015"
"0360","51357","2015"
"0360","51358","2015"
"0390","51359","2015"
"0390","51360","2015"
"0390","51361","2015"
"0390","51362","2015"
"0390","51363","2015"
"0390","51364","2015"
"0390","51365","2015"
"0390","51366","2015"
"0390","51367","2015"
"0390","51368","2015"
"0155","51369","2015"
"0155","51370","2015"
"0155","51371","2015"
"0155","51372","2015"
"0155","51373","2015"
"0155","51374","2015"
"0155","51375","2015"
"0155","51376","2015"
"0155","51377","2015"
"0155","51378","2015"
"0155","51379","2015"
"0155","51380","2015"
"0155","51381","2015"
"0155","51382","2015"
"0155","51383","2015"
"0155","51384","2015"
"0155","51385","2015"
"0155","51386","2015"
"0155","51387","2015"
"0155","51388","2015"
"0443","51389","2015"
"0443","51390","2015"
"0443","51391","2015"
"0443","51392","2015"
"0443","51393","2015"
"0443","51394","2015"
"0443","51395","2015"
"0443","51396","2015"
"0443","51397","2015"
"0443","51398","2015"
"0443","51399","2015"
"0222","51400","2015"
"0222","51401","2015"
"0516","51402","2015"
"0801","51403","2015"
"0542","51404","2015"
"0542","51405","2015"
"0542","51406","2015"
"0542","51407","2015"
"0542","51408","2015"
"0542","51409","2015"
"0047","51410","2015"
"0047","51411","2015"
"0047","51412","2015"
"0047","51413","2015"
"0047","51414","2015"
"0047","51415","2015"
"0047","51416","2015"
"0047","51417","2015"
"0047","51418","2015"
"0047","51419","2015"
"0501","51420","2015"
"0501","51421","2015"
"0501","51422","2015"
"0501","51423","2015"
"0501","51424","2015"
"0534","51425","2015"
"0534","51426","2015"
"0534","51427","2015"
"0540","51437","2015"
"0540","51438","2015"
"0540","51439","2015"
"0076","51440","2015"
"0076","51441","2015"
"0076","51442","2015"
"0076","51443","2015"
"0076","51444","2015"
"0169","51445","2015"
"0169","51446","2015"
"0169","51447","2015"
"0169","51448","2015"
"0169","51449","2015"
"0169","51450","2015"
"0169","51451","2015"
"0376","51452","2015"
"0376","51453","2015"
"0376","51454","2015"
"0376","51455","2015"
"0376","51456","2015"
"0376","51457","2015"
"0376","51458","2015"
"0376","51459","2015"
"0376","51460","2015"
"0376","51461","2015"
"0376","51462","2015"
"0376","51463","2015"
"0376","51464","2015"
"0025","51465","2015"
"0025","51466","2015"
"0025","51467","2015"
"0025","51468","2015"
"0025","51469","2015"
"0025","51470","2015"
"0025","51471","2015"
"0025","51472","2015"
"0025","51473","2015"
"0025","51474","2015"
"0025","51475","2015"
"0025","51476","2015"
"0025","51477","2015"
"0025","51478","2015"
"0681","51479","2015"
"0681","51480","2015"
"0003","51481","2015"
"0003","51482","2015"
"0003","51483","2015"
"0003","51484","2015"
"0003","51485","2015"
"0003","51486","2015"
"0003","51487","2015"
"0003","51488","2015"
"0003","51489","2015"
"0003","51490","2015"
"0003","51491","2015"
"0094","51492","2015"
"0094","51493","2015"
"0094","51494","2015"
"0094","51495","2015"
"0094","51496","2015"
"0094","51497","2015"
"0395","51498","2015"
"0395","51499","2015"
"0395","51500","2015"
"0395","51501","2015"
"0395","51502","2015"
"0395","51503","2015"
"0395","51504","2015"
"0395","51505","2015"
"0395","51506","2015"
"0395","51507","2015"
"0395","51508","2015"
"0395","51509","2015"
"0499","51512","2015"
"0499","51513","2015"
"0499","51514","2015"
"0499","51515","2015"
"0499","51516","2015"
"0499","51517","2015"
"0499","51518","2015"
"0499","51519","2015"
"0499","51520","2015"
"0499","51521","2015"
"0499","51522","2015"
"0064","51523","2015"
"0064","51524","2015"
"0064","51525","2015"
"0189","51526","2015"
"0532","51527","2015"
"0532","51528","2015"
"0532","51529","2015"
"0532","51530","2015"
"0532","51531","2015"
"0532","51532","2015"
"0532","51533","2015"
"0532","51534","2015"
"0532","51535","2015"
"0392","51536","2015"
"0392","51537","2015"
"0392","51538","2015"
"0392","51539","2015"
"0392","51540","2015"
"0392","51541","2015"
"0392","51542","2015"
"0392","51543","2015"
"0392","51544","2015"
"0392","51545","2015"
"0392","51546","2015"
"0446","51558","2015"
"0446","51559","2015"
"0446","51560","2015"
"0446","51561","2015"
"0446","51562","2015"
"0446","51563","2015"
"0072","51564","2015"
"0017","51565","2015"
"0017","51566","2015"
"0017","51567","2015"
"0017","51568","2015"
"0008","51569","2015"
"0748","51570","2015"
"0748","51571","2015"
"0748","51572","2015"
"0748","51573","2015"
"0403","51574","2015"
"0403","51575","2015"
"0403","51576","2015"
"0403","51577","2015"
"0403","51578","2015"
"0403","51579","2015"
"0403","51580","2015"
"0403","51581","2015"
"0403","51582","2015"
"0605","51583","2015"
"0605","51584","2015"
"0713","51605","2015"
"0713","51606","2015"
"0713","51607","2015"
"0713","51608","2015"
"0713","51609","2015"
"0613","51610","2015"
"0397","51648","2015"
"0544","51649","2015"
"0544","51650","2015"
"0544","51651","2015"
"0544","51652","2015"
"0544","51653","2015"
"0544","51654","2015"
"0544","51655","2015"
"0544","51656","2015"
"0544","51657","2015"
"0544","51658","2015"
"0544","51659","2015"
"0544","51660","2015"
"0068","51663","2015"
"0068","51664","2015"
"0068","51665","2015"
"0068","51666","2015"
"0271","51667","2015"
"0271","51668","2015"
"0271","51669","2015"
"0271","51670","2015"
"0271","51671","2015"
"0271","51672","2015"
"0271","51673","2015"
"0271","51674","2015"
"0271","51675","2015"
"0271","51676","2015"
"0271","51677","2015"
"0214","51678","2015"
"0391","51679","2015"
"0815","51680","2015"
"0815","51681","2015"
"0815","51682","2015"
"0815","51683","2015"
"0815","51684","2015"
"0815","51685","2015"
"0815","51686","2015"
"0817","51687","2015"
"0817","51688","2015"
"0817","51689","2015"
"0043","51690","2015"
"0043","51691","2015"
"0043","51692","2015"
"0043","51693","2015"
"0043","51694","2015"
"0043","51695","2015"
"0043","51696","2015"
"0043","51697","2015"
"0043","51698","2015"
"0043","51699","2015"
"0043","51700","2015"
"0431","51701","2015"
"0431","51702","2015"
"0381","51704","2015"
"0381","51705","2015"
"0381","51706","2015"
"0381","51707","2015"
"0685","51709","2015"
"0685","51710","2015"
"0745","51711","2015"
"0745","51712","2015"
"0745","51713","2015"
"0417","51714","2015"
"0417","51715","2015"
"0417","51716","2015"
"0811","51717","2015"
"0816","51718","2015"
"0688","51719","2015"
"0688","51720","2015"
"0185","51721","2015"
"0185","51722","2015"
"0185","51723","2015"
"0185","51724","2015"
"0611","51725","2015"
"0611","51726","2015"
"0611","51727","2015"
"0062","51728","2015"
"0062","51729","2015"
"0062","51730","2015"
"0062","51731","2015"
"0062","51732","2015"
"0062","51733","2015"
"0062","51734","2015"
"0062","51735","2015"
"0062","51736","2015"
"0414","51738","2015"
"0414","51739","2015"
"0414","51740","2015"
"0414","51741","2015"
"0414","51742","2015"
"0651","51743","2015"
"0389","51744","2015"
"0389","51745","2015"
"0389","51746","2015"
"0389","51747","2015"
"0389","51748","2015"
"0389","51749","2015"
"0389","51750","2015"
"0389","51751","2015"
"0389","51752","2015"
"0389","51753","2015"
"0389","51754","2015"
"0199","51755","2015"
"0199","51756","2015"
"0199","51757","2015"
"0671","51758","2015"
"0671","51759","2015"
"0671","51760","2015"
"0671","51761","2015"
"0671","51762","2015"
"0671","51763","2015"
"0024","51769","2015"
"0024","51770","2015"
"0333","51771","2015"
"0333","51772","2015"
"0333","51773","2015"
"0333","51774","2015"
"0333","51775","2015"
"0333","51776","2015"
"0333","51777","2015"
"0333","51778","2015"
"0333","51779","2015"
"0673","51780","2015"
"0465","51781","2015"
"0465","51782","2015"
"0465","51783","2015"
"0398","51784","2015"
"0398","51785","2015"
"0398","51786","2015"
"0398","51787","2015"
"0398","51788","2015"
"0101","51789","2015"
"0188","51790","2015"
"0188","51791","2015"
"0188","51792","2015"
"0188","51793","2015"
"0188","51794","2015"
"0188","51795","2015"
"0050","51796","2015"
"0050","51797","2015"
"0050","51798","2015"
"0050","51799","2015"
"0050","51800","2015"
"0050","51801","2015"
"0050","51802","2015"
"0050","51803","2015"
"0050","51804","2015"
"0050","51805","2015"
"0050","51806","2015"
"0050","51807","2015"
"0050","51808","2015"
"0050","51809","2015"
"0050","51810","2015"
"0050","51811","2015"
"0050","51812","2015"
"0050","51813","2015"
"0779","51814","2015"
"0779","51815","2015"
"0779","51816","2015"
"0779","51817","2015"
"0779","51818","2015"
"0779","51819","2015"
"0779","51820","2015"
"0779","51821","2015"
"0779","51822","2015"
"0779","51823","2015"
"0779","51824","2015"
"0779","51825","2015"
"0779","51826","2015"
"0779","51827","2015"
"0779","51828","2015"
"0779","51829","2015"
"0779","51830","2015"
"0779","51831","2015"
"0779","51832","2015"
"0779","51833","2015"
"0269","51834","2015"
"0269","51835","2015"
"0269","51836","2015"
"0269","51837","2015"
"0269","51838","2015"
"0269","51839","2015"
"0269","51840","2015"
"0269","51841","2015"
"0269","51842","2015"
"0269","51843","2015"
"0269","51844","2015"
"0269","51845","2015"
"0678","51846","2015"
"0176","51847","2015"
"0176","51848","2015"
"0176","51849","2015"
"0176","51850","2015"
"0176","51851","2015"
"0176","51852","2015"
"0176","51853","2015"
"0427","51854","2015"
"0427","51855","2015"
"0427","51856","2015"
"0427","51857","2015"
"0427","51858","2015"
"0427","51859","2015"
"0427","51860","2015"
"0427","51861","2015"
"0427","51862","2015"
"0675","51863","2015"
"0675","51864","2015"
"0675","51865","2015"
"0675","51866","2015"
"0675","51867","2015"
"0022","51868","2015"
"0022","51869","2015"
"0022","51870","2015"
"0022","51871","2015"
"0413","51883","2015"
"0413","51884","2015"
"0413","51885","2015"
"0413","51886","2015"
"0413","51887","2015"
"0042","51888","2015"
"0042","51889","2015"
"0042","51890","2015"
"0042","51891","2015"
"0042","51892","2015"
"0042","51893","2015"
"0042","51894","2015"
"0042","51895","2015"
"0042","51896","2015"
"0042","51897","2015"
"0042","51898","2015"
"0042","51899","2015"
"0042","51900","2015"
"0042","51901","2015"
"0042","51902","2015"
"0042","51903","2015"
"0065","51904","2015"
"0584","51905","2015"
"0584","51906","2015"
"0584","51907","2015"
"0584","51908","2015"
"0246","51909","2015"
"0246","51910","2015"
"0246","51911","2015"
"0797","51918","2015"
"0409","51919","2015"
"0409","51920","2015"
"0409","51921","2015"
"0409","51922","2015"
"0409","51923","2015"
"0409","51924","2015"
"0409","51925","2015"
"0409","51926","2015"
"0716","51929","2015"
"0716","51930","2015"
"0716","51931","2015"
"0716","51932","2015"
"0716","51933","2015"
"0393","51935","2015"
"0393","51936","2015"
"0393","51937","2015"
"0393","51938","2015"
"0393","51939","2015"
"0162","51940","2015"
"0162","51941","2015"
"0162","51942","2015"
"0162","51943","2015"
"0162","51944","2015"
"0162","51945","2015"
"0162","51946","2015"
"0162","51947","2015"
"0162","51948","2015"
"0161","51949","2015"
"0161","51950","2015"
"0161","51951","2015"
"0161","51952","2015"
"0161","51953","2015"
"0161","51954","2015"
"0760","51955","2015"
"0632","51956","2015"
"0524","51957","2015"
"0524","51958","2015"
"0524","51959","2015"
"0524","51960","2015"
"0524","51961","2015"
"0524","51962","2015"
"0348","51963","2015"
"0348","51964","2015"
"0348","51965","2015"
"0348","51966","2015"
"0348","51967","2015"
"0348","51968","2015"
"0348","51969","2015"
"0348","51970","2015"
"0348","51971","2015"
"0348","51972","2015"
"0348","51973","2015"
"0452","51974","2015"
"0387","51975","2015"
"0387","51976","2015"
"0387","51977","2015"
"0387","51978","2015"
"0387","51979","2015"
"0387","51980","2015"
"0247","51981","2015"
"0624","51982","2015"
"0624","51983","2015"
"0624","51984","2015"
"0624","51985","2015"
"0187","51986","2015"
"0187","51987","2015"
"0187","51988","2015"
"0187","51989","2015"
"0264","51990","2015"
"0228","51991","2015"
"0228","51992","2015"
"0228","51993","2015"
"0228","51994","2015"
"0228","51995","2015"
"0472","51996","2015"
"0472","51997","2015"
"0472","51998","2015"
"0472","51999","2015"
"0472","52000","2015"
"0472","52001","2015"
"0472","52002","2015"
"0107","52003","2015"
"0107","52004","2015"
"0107","52005","2015"
"0107","52006","2015"
"0107","52007","2015"
"0107","52008","2015"
"0107","52009","2015"
"0107","52010","2015"
"0107","52011","2015"
"0107","52012","2015"
"0407","52025","2015"
"0407","52026","2015"
"0407","52027","2015"
"0407","52028","2015"
"0407","52029","2015"
"0407","52030","2015"
"0655","52031","2015"
"0655","52032","2015"
"0655","52033","2015"
"0655","52034","2015"
"0655","52035","2015"
"0655","52036","2015"
"0655","52037","2015"
"0428","52038","2015"
"0428","52039","2015"
"0428","52040","2015"
"0428","52041","2015"
"0428","52042","2015"
"0656","52043","2015"
"0656","52044","2015"
"0656","52045","2015"
"0656","52046","2015"
"0656","52047","2015"
"0656","52048","2015"
"0656","52049","2015"
"0656","52050","2015"
"0656","52051","2015"
"0656","52052","2015"
"0280","52053","2015"
"0280","52054","2015"
"0280","52055","2015"
"0280","52056","2015"
"0127","52057","2015"
"0109","52058","2015"
"0109","52059","2015"
"0109","52060","2015"
"0109","52061","2015"
"0109","52062","2015"
"0109","52063","2015"
"0109","52064","2015"
"0109","52065","2015"
"0109","52066","2015"
"0109","52067","2015"
"0109","52068","2015"
"0109","52069","2015"
"0109","52070","2015"
"0109","52071","2015"
"0109","52072","2015"
"0109","52073","2015"
"0319","52084","2015"
"0357","52085","2015"
"0550","52086","2015"
"0550","52087","2015"
"0550","52088","2015"
"0550","52089","2015"
"0550","52090","2015"
"0652","52091","2015"
"0652","52092","2015"
"0652","52093","2015"
"0652","52094","2015"
"0652","52095","2015"
"0652","52096","2015"
"0652","52097","2015"
"0652","52098","2015"
"0652","52099","2015"
"0652","52100","2015"
"0652","52101","2015"
"0053","52102","2015"
"0277","52103","2015"
"0662","52104","2015"
"0662","52105","2015"
"0662","52106","2015"
"0662","52107","2015"
"0662","52108","2015"
"0662","52109","2015"
"0662","52110","2015"
"0362","52111","2015"
"0362","52112","2015"
"0383","52113","2015"
"0383","52114","2015"
"0383","52115","2015"
"0383","52116","2015"
"0383","52117","2015"
"0383","52118","2015"
"0383","52119","2015"
"0383","52120","2015"
"0383","52121","2015"
"0383","52122","2015"
"0383","52123","2015"
"0200","52131","2015"
"0114","52132","2015"
"0684","52133","2015"
"0684","52134","2015"
"0684","52135","2015"
"0684","52136","2015"
"0684","52137","2015"
"0684","52138","2015"
"0684","52139","2015"
"0684","52140","2015"
"0684","52141","2015"
"0684","52142","2015"
"0684","52143","2015"
"0684","52144","2015"
"0684","52145","2015"
"0684","52146","2015"
"0684","52147","2015"
"0684","52148","2015"
"0721","52149","2015"
"0721","52150","2015"
"0721","52151","2015"
"0492","52152","2015"
"0492","52153","2015"
"0492","52154","2015"
"0492","52155","2015"
"0492","52156","2015"
"0492","52157","2015"
"0492","52158","2015"
"0492","52159","2015"
"0492","52160","2015"
"0492","52161","2015"
"0492","52162","2015"
"0492","52163","2015"
"0492","52164","2015"
"0492","52165","2015"
"0306","52166","2015"
"0321","52167","2015"
"0321","52168","2015"
"0321","52169","2015"
"0321","52170","2015"
"0321","52171","2015"
"0321","52172","2015"
"0321","52173","2015"
"0751","52174","2015"
"0399","52175","2015"
"0399","52176","2015"
"0399","52177","2015"
"0399","52178","2015"
"0399","52179","2015"
"0286","52180","2015"
"0286","52181","2015"
"0286","52182","2015"
"0286","52183","2015"
"0286","52184","2015"
"0286","52185","2015"
"0286","52186","2015"
"0276","52187","2015"
"0276","52188","2015"
"0276","52189","2015"
"0276","52190","2015"
"0276","52191","2015"
"0276","52192","2015"
"0276","52193","2015"
"0276","52194","2015"
"0276","52195","2015"
"0276","52196","2015"
"0276","52197","2015"
"0041","52199","2015"
"0041","52200","2015"
"0041","52201","2015"
"0041","52202","2015"
"0041","52203","2015"
"0041","52204","2015"
"0041","52205","2015"
"0041","52206","2015"
"0041","52207","2015"
"0041","52208","2015"
"0041","52209","2015"
"0158","52210","2015"
"0158","52211","2015"
"0158","52212","2015"
"0158","52213","2015"
"0158","52214","2015"
"0158","52215","2015"
"0158","52216","2015"
"0158","52217","2015"
"0158","52218","2015"
"0335","52219","2015"
"0335","52220","2015"
"0335","52221","2015"
"0335","52222","2015"
"0335","52223","2015"
"0335","52224","2015"
"0335","52225","2015"
"0335","52226","2015"
"0335","52227","2015"
"0789","52228","2015"
"0789","52229","2015"
"0789","52230","2015"
"0789","52231","2015"
"0789","52232","2015"
"0789","52233","2015"
"0789","52234","2015"
"0789","52235","2015"
"0755","52236","2015"
"0755","52237","2015"
"0755","52238","2015"
"0755","52239","2015"
"0755","52240","2015"
"0755","52241","2015"
"0755","52242","2015"
"0755","52243","2015"
"0755","52244","2015"
"0643","52245","2015"
"0643","52246","2015"
"0643","52247","2015"
"0643","52248","2015"
"0643","52249","2015"
"0643","52250","2015"
"0643","52251","2015"
"0643","52252","2015"
"0643","52253","2015"
"0643","52254","2015"
"0643","52255","2015"
"0643","52256","2015"
"0643","52257","2015"
"0643","52258","2015"
"0742","52259","2015"
"0742","52260","2015"
"0742","52261","2015"
"0742","52262","2015"
"0742","52263","2015"
"0742","52264","2015"
"0742","52265","2015"
"0743","52266","2015"
"0743","52267","2015"
"0743","52268","2015"
"0478","52269","2015"
"0478","52270","2015"
"0478","52271","2015"
"0478","52272","2015"
"0478","52273","2015"
"0478","52274","2015"
"0478","52275","2015"
"0478","52276","2015"
"0478","52277","2015"
"0682","52278","2015"
"0682","52279","2015"
"0682","52280","2015"
"0682","52281","2015"
"0682","52282","2015"
"0166","52283","2015"
"0166","52284","2015"
"0166","52285","2015"
"0166","52286","2015"
"0166","52287","2015"
"0166","52288","2015"
"0166","52289","2015"
"0166","52290","2015"
"0166","52291","2015"
"0408","52292","2015"
"0408","52293","2015"
"0408","52294","2015"
"0408","52295","2015"
"0408","52296","2015"
"0408","52297","2015"
"0408","52298","2015"
"0408","52299","2015"
"0408","52300","2015"
"0408","52301","2015"
"0408","52302","2015"
"0698","52303","2015"
"0698","52304","2015"
"0698","52305","2015"
"0698","52306","2015"
"0698","52307","2015"
"0698","52308","2015"
"0698","52309","2015"
"0317","52310","2015"
"0317","52311","2015"
"0317","52312","2015"
"0317","52313","2015"
"0317","52314","2015"
"0317","52315","2015"
"0818","52316","2015"
"0818","52317","2015"
"0818","52318","2015"
"0818","52319","2015"
"0204","52320","2015"
"0204","52321","2015"
"0204","52322","2015"
"0204","52323","2015"
"0204","52324","2015"
"0204","52325","2015"
"0204","52326","2015"
"0204","52327","2015"
"0204","52328","2015"
"0207","52329","2015"
"0207","52330","2015"
"0207","52331","2015"
"0207","52332","2015"
"0740","52333","2015"
"0740","52334","2015"
"0740","52335","2015"
"0740","52336","2015"
"0740","52337","2015"
"0740","52338","2015"
"0740","52339","2015"
"0740","52340","2015"
"0174","52341","2015"
"0163","52342","2015"
"0163","52343","2015"
"0163","52344","2015"
"0293","52345","2015"
"0116","52346","2015"
"0388","52347","2015"
"0388","52348","2015"
"0388","52349","2015"
"0388","52350","2015"
"0388","52351","2015"
"0646","52352","2015"
"0646","52353","2015"
"0646","52354","2015"
"0646","52355","2015"
"0646","52356","2015"
"0646","52357","2015"
"0646","52358","2015"
"0646","52359","2015"
"0712","52360","2015"
"0712","52361","2015"
"0712","52362","2015"
"0762","52363","2015"
"0762","52364","2015"
"0762","52365","2015"
"0722","52366","2015"
"0722","52367","2015"
"0722","52368","2015"
"0722","52369","2015"
"0722","52370","2015"
"0722","52371","2015"
"0211","52372","2015"
"0211","52373","2015"
"0666","52374","2015"
"0666","52375","2015"
"0666","52376","2015"
"0666","52377","2015"
"0666","52378","2015"
"0666","52379","2015"
"0666","52380","2015"
"0666","52381","2015"
"0666","52382","2015"
"0302","52383","2015"
"0302","52384","2015"
"0168","52385","2015"
"0168","52386","2015"
"0168","52387","2015"
"0168","52388","2015"
"0168","52389","2015"
"0168","52390","2015"
"0168","52391","2015"
"0168","52392","2015"
"0168","52393","2015"
"0168","52394","2015"
"0168","52395","2015"
"0819","52396","2015"
"0669","52397","2015"
"0820","52398","2015"
"0820","52399","2015"
"0820","52400","2015"
"0820","52401","2015"
"0820","52402","2015"
"0203","52403","2015"
"0203","52404","2015"
"0203","52405","2015"
"0203","52406","2015"
"0795","52407","2015"
"0795","52408","2015"
"0795","52409","2015"
"0205","52410","2015"
"0330","52411","2015"
"0330","52412","2015"
"0330","52413","2015"
"0330","52414","2015"
"0330","52415","2015"
"0316","52419","2015"
"0316","52420","2015"
"0316","52421","2015"
"0316","52422","2015"
"0160","52423","2015"
"0160","52424","2015"
"0160","52425","2015"
"0160","52426","2015"
"0160","52427","2015"
"0160","52428","2015"
"0160","52429","2015"
"0379","52430","2015"
"0379","52431","2015"
"0379","52432","2015"
"0104","52433","2015"
"0104","52434","2015"
"0104","52435","2015"
"0104","52436","2015"
"0104","52437","2015"
"0104","52438","2015"
"0104","52439","2015"
"0104","52440","2015"
"0104","52441","2015"
"0104","52442","2015"
"0104","52443","2015"
"0104","52444","2015"
"0104","52445","2015"
"0104","52446","2015"
"0104","52447","2015"
"0104","52448","2015"
"0104","52449","2015"
"0104","52450","2015"
"0104","52451","2015"
"0104","52452","2015"
"0104","52453","2015"
"0104","52454","2015"
"0104","52455","2015"
"0104","52456","2015"
"0104","52457","2015"
"0104","52458","2015"
"0104","52459","2015"
"0104","52460","2015"
"0104","52461","2015"
"0104","52462","2015"
"0104","52463","2015"
"0104","52464","2015"
"0104","52465","2015"
"0104","52466","2015"
"0104","52467","2015"
"0104","52468","2015"
"0104","52469","2015"
"0171","52470","2015"
"0341","52471","2015"
"0341","52472","2015"
"0341","52473","2015"
"0341","52474","2015"
"0341","52475","2015"
"0341","52476","2015"
"0341","52477","2015"
"0341","52478","2015"
"0802","52479","2015"
"0710","52480","2015"
"0710","52481","2015"
"0732","52482","2015"
"0732","52483","2015"
"0732","52484","2015"
"0732","52485","2015"
"0732","52486","2015"
