"university_id","student_hostel_id","survey_year"
"0146","148360","2015"
"0146","148361","2015"
"0146","148362","2015"
"0627","148644","2015"
"0627","148645","2015"
"0627","148646","2015"
"0627","148647","2015"
"0627","148648","2015"
"0045","150056","2015"
"0045","150057","2015"
"0045","150058","2015"
"0045","150059","2015"
"0045","150060","2015"
"0045","150061","2015"
"0045","150062","2015"
"0045","150063","2015"
"0750","150263","2015"
"0750","150264","2015"
"0750","150265","2015"
"0750","150266","2015"
"0750","150267","2015"
"0750","150268","2015"
"0750","150269","2015"
"0750","150270","2015"
"0750","150271","2015"
"0750","150272","2015"
"0471","150356","2015"
"0471","150357","2015"
"0471","150358","2015"
"0505","150367","2015"
"0505","150368","2015"
"0505","150369","2015"
"0505","150370","2015"
"0505","150371","2015"
"0365","150463","2015"
"0365","150464","2015"
"0268","150559","2015"
"0268","150560","2015"
"0173","151130","2015"
"0173","151131","2015"
"0173","151132","2015"
"0173","151133","2015"
"0173","151134","2015"
"0173","151135","2015"
"0173","151136","2015"
"0173","151137","2015"
"0173","151138","2015"
"0173","151139","2015"
"0173","151140","2015"
"0122","151308","2015"
"0122","151309","2015"
"0122","151310","2015"
"0580","151394","2015"
"0580","151395","2015"
"0464","151619","2015"
"0464","151620","2015"
"0303","152047","2015"
"0303","152048","2015"
"0138","152078","2015"
"0138","152079","2015"
"0138","152080","2015"
"0138","152081","2015"
"0138","152082","2015"
"0138","152083","2015"
"0636","152142","2015"
"0778","152579","2015"
"0778","152580","2015"
"0165","152581","2015"
"0165","152582","2015"
"0165","152583","2015"
"0165","152584","2015"
"0165","152585","2015"
"0649","152704","2015"
"0649","152705","2015"
"0649","152706","2015"
"0649","152707","2015"
"0649","152708","2015"
"0152","153059","2015"
"0152","153060","2015"
"0126","153167","2015"
"0126","153168","2015"
"0126","153169","2015"
"0126","153170","2015"
"0126","153171","2015"
"0126","153172","2015"
"0126","153173","2015"
"0142","153323","2015"
"0142","153324","2015"
"0734","153591","2015"
"0734","153592","2015"
"0734","153593","2015"
"0734","153594","2015"
"0734","153595","2015"
"0734","153596","2015"
"0734","153597","2015"
"0734","153598","2015"
"0734","153599","2015"
"0368","153638","2015"
"0368","153639","2015"
"0368","153640","2015"
"0368","153641","2015"
"0368","153642","2015"
"0368","153643","2015"
"0368","153644","2015"
"0368","153645","2015"
"0368","153646","2015"
"0368","153647","2015"
"0368","153648","2015"
"0128","153675","2015"
"0128","153676","2015"
"0128","153677","2015"
"0128","153678","2015"
"0125","153971","2015"
"0593","154083","2015"
"0593","154084","2015"
"0127","154132","2015"
"0127","154133","2015"
"0127","154134","2015"
"0591","154505","2015"
"0591","154506","2015"
"0591","154507","2015"
"0591","154508","2015"
"0591","154509","2015"
"0591","154510","2015"
"0591","154511","2015"
"0591","154512","2015"
"0591","154513","2015"
"0232","155074","2015"
"0232","155075","2015"
"0232","155076","2015"
"0232","155077","2015"
"0232","155078","2015"
"0232","155079","2015"
"0494","155896","2015"
"0494","155897","2015"
"0378","155969","2015"
"0378","155970","2015"
"0378","155971","2015"
"0378","155972","2015"
"0378","155973","2015"
"0378","155974","2015"
"0354","156086","2015"
"0354","156087","2015"
"0218","156217","2015"
"0218","156218","2015"
"0218","156219","2015"
"0218","156220","2015"
"0218","156221","2015"
"0218","156222","2015"
"0250","156596","2015"
"0250","156597","2015"
"0250","156598","2015"
"0250","156599","2015"
"0250","156600","2015"
"0250","156601","2015"
"0250","156602","2015"
"0670","156621","2015"
"0588","156630","2015"
"0588","156631","2015"
"0588","156632","2015"
"0588","156633","2015"
"0132","157024","2015"
"0132","157025","2015"
"0132","157026","2015"
"0132","157027","2015"
"0132","157028","2015"
"0132","157029","2015"
"0132","157030","2015"
"0572","157152","2015"
"0572","157153","2015"
"0572","157154","2015"
"0153","157524","2015"
"0153","157525","2015"
"0153","157526","2015"
"0153","157527","2015"
"0153","157528","2015"
"0153","157529","2015"
"0153","157530","2015"
"0153","157531","2015"
"0153","157532","2015"
"0153","157533","2015"
"0153","157534","2015"
"0153","157535","2015"
"0153","157536","2015"
"0130","157554","2015"
"0130","157555","2015"
"0595","157556","2015"
"0595","157557","2015"
"0595","157558","2015"
"0595","157559","2015"
"0765","157841","2015"
"0765","157842","2015"
"0663","157977","2015"
"0663","157978","2015"
"0597","158208","2015"
"0597","158209","2015"
"0133","158431","2015"
"0133","158432","2015"
"0133","158433","2015"
"0133","158434","2015"
"0133","158435","2015"
"0133","158436","2015"
"0136","158678","2015"
"0136","158679","2015"
"0136","158680","2015"
"0136","158681","2015"
"0136","158682","2015"
"0136","158683","2015"
"0136","158684","2015"
"0136","158685","2015"
"0136","158686","2015"
"0708","158769","2015"
"0708","158770","2015"
"0668","158778","2015"
"0668","158779","2015"
"0668","158780","2015"
"0702","158959","2015"
"0702","158960","2015"
"0702","158961","2015"
"0702","158962","2015"
"0702","158963","2015"
"0702","158964","2015"
"0702","158965","2015"
"0759","158982","2015"
"0753","159037","2015"
"0753","159038","2015"
"0602","159161","2015"
"0602","159162","2015"
"0147","159294","2015"
"0147","159295","2015"
"0134","159308","2015"
"0134","159309","2015"
"0140","159358","2015"
"0140","159359","2015"
"0140","159360","2015"
"0140","159361","2015"
"0140","159362","2015"
"0140","159363","2015"
"0140","159364","2015"
"0140","159365","2015"
"0140","159366","2015"
"0140","159367","2015"
"0140","159368","2015"
"0140","159369","2015"
"0140","159370","2015"
"0140","159371","2015"
"0140","159372","2015"
"0140","159373","2015"
"0140","159374","2015"
"0140","159375","2015"
"0140","159376","2015"
"0140","159377","2015"
"0140","159378","2015"
"0140","159379","2015"
"0140","159380","2015"
"0140","159381","2015"
"0140","159382","2015"
"0140","159383","2015"
"0140","159384","2015"
"0140","159385","2015"
"0148","159423","2015"
"0148","159424","2015"
"0148","159425","2015"
"0148","159426","2015"
"0148","159427","2015"
"0148","159428","2015"
"0148","159429","2015"
"0148","159430","2015"
"0219","159458","2015"
"0219","159459","2015"
"0219","159460","2015"
"0219","159461","2015"
"0219","159462","2015"
"0219","159463","2015"
"0154","159464","2015"
"0154","159465","2015"
"0154","159466","2015"
"0154","159467","2015"
"0154","159468","2015"
"0154","159469","2015"
"0044","159487","2015"
"0044","159488","2015"
"0124","159523","2015"
"0124","159524","2015"
"0124","159525","2015"
"0124","159526","2015"
"0124","159527","2015"
"0589","159719","2015"
"0589","159720","2015"
"0589","159721","2015"
"0589","159722","2015"
"0589","159723","2015"
"0589","159724","2015"
"0589","159725","2015"
"0589","159726","2015"
"0589","159727","2015"
"0589","159728","2015"
"0589","159729","2015"
"0589","159730","2015"
"0589","159731","2015"
"0589","159732","2015"
"0589","159733","2015"
"0589","159734","2015"
"0589","159735","2015"
"0589","159736","2015"
"0589","159737","2015"
"0589","159738","2015"
"0589","159739","2015"
"0589","159740","2015"
"0589","159741","2015"
"0589","159742","2015"
"0589","159743","2015"
"0589","159744","2015"
"0589","159745","2015"
"0714","159757","2015"
"0714","159758","2015"
"0129","159876","2015"
"0129","159877","2015"
"0511","159902","2015"
"0511","159903","2015"
"0511","159904","2015"
"0706","159942","2015"
"0151","159972","2015"
"0151","159973","2015"
"0151","159974","2015"
"0151","159975","2015"
"0151","159976","2015"
"0151","159977","2015"
"0215","160096","2015"
"0215","160097","2015"
"0215","160098","2015"
"0215","160099","2015"
"0215","160100","2015"
"0215","160101","2015"
"0215","160102","2015"
"0215","160103","2015"
"0215","160104","2015"
"0215","160105","2015"
"0215","160106","2015"
"0215","160107","2015"
"0182","160110","2015"
"0182","160111","2015"
"0182","160112","2015"
"0380","160200","2015"
"0380","160201","2015"
"0380","160202","2015"
"0380","160203","2015"
"0380","160204","2015"
"0010","160260","2015"
"0010","160261","2015"
"0010","160262","2015"
"0010","160263","2015"
"0175","160404","2015"
"0175","160405","2015"
"0175","160406","2015"
"0175","160407","2015"
"0175","160408","2015"
"0175","160409","2015"
"0157","160448","2015"
"0157","160449","2015"
"0157","160450","2015"
"0157","160451","2015"
"0157","160452","2015"
"0157","160453","2015"
"0157","160454","2015"
"0157","160455","2015"
"0157","160456","2015"
"0157","160457","2015"
"0157","160458","2015"
"0157","160459","2015"
"0790","160627","2015"
"0790","160628","2015"
"0790","160629","2015"
"0119","160907","2015"
"0601","160936","2015"
"0601","160937","2015"
"0601","160938","2015"
"0601","160939","2015"
"0601","160940","2015"
"0576","160989","2015"
"0576","160990","2015"
"0576","160991","2015"
"0576","160992","2015"
"0576","160993","2015"
"0576","160994","2015"
"0576","160995","2015"
"0576","160996","2015"
"0576","160997","2015"
"0193","161070","2015"
"0193","161071","2015"
"0193","161072","2015"
"0792","161102","2015"
"0792","161103","2015"
"0296","161143","2015"
"0296","161144","2015"
"0296","161145","2015"
"0296","161146","2015"
"0450","161154","2015"
"0798","161380","2015"
"0798","161381","2015"
"0798","161382","2015"
"0746","161480","2015"
"0746","161481","2015"
"0746","161482","2015"
"0746","161483","2015"
"0746","161484","2015"
"0746","161485","2015"
"0746","161486","2015"
"0502","161573","2015"
"0502","161574","2015"
"0502","161575","2015"
"0502","161576","2015"
"0502","161577","2015"
"0502","161578","2015"
"0502","161579","2015"
"0738","162209","2015"
"0374","162381","2015"
"0374","162382","2015"
"0374","162383","2015"
"0374","162384","2015"
"0374","162385","2015"
"0374","162386","2015"
"0374","162387","2015"
"0374","162388","2015"
"0374","162389","2015"
"0374","162390","2015"
"0374","162391","2015"
"0374","162392","2015"
"0641","162406","2015"
"0641","162407","2015"
"0051","162472","2015"
"0051","162473","2015"
"0051","162474","2015"
"0051","162475","2015"
"0051","162476","2015"
"0051","162477","2015"
"0051","162478","2015"
"0051","162479","2015"
"0051","162480","2015"
"0051","162481","2015"
"0051","162482","2015"
"0051","162483","2015"
"0051","162484","2015"
"0051","162485","2015"
"0167","162487","2015"
"0167","162488","2015"
"0167","162489","2015"
"0167","162490","2015"
"0167","162491","2015"
"0167","162492","2015"
"0167","162493","2015"
"0167","162494","2015"
"0167","162495","2015"
"0167","162496","2015"
"0167","162497","2015"
"0167","162498","2015"
"0167","162499","2015"
"0167","162500","2015"
"0167","162501","2015"
"0167","162502","2015"
"0345","162503","2015"
"0345","162504","2015"
"0345","162505","2015"
"0345","162506","2015"
"0345","162507","2015"
"0345","162508","2015"
"0345","162509","2015"
"0345","162510","2015"
"0617","162552","2015"
"0617","162553","2015"
"0617","162554","2015"
"0617","162555","2015"
"0186","162579","2015"
"0186","162580","2015"
"0186","162581","2015"
"0186","162582","2015"
"0186","162583","2015"
"0186","162584","2015"
"0186","162585","2015"
"0186","162586","2015"
"0186","162587","2015"
"0186","162588","2015"
"0186","162589","2015"
"0186","162590","2015"
"0186","162591","2015"
"0186","162592","2015"
"0186","162593","2015"
"0186","162594","2015"
"0186","162595","2015"
"0186","162596","2015"
"0186","162597","2015"
"0186","162598","2015"
"0186","162599","2015"
"0186","162600","2015"
"0186","162601","2015"
"0249","162814","2015"
"0249","162815","2015"
"0249","162816","2015"
"0249","162817","2015"
"0249","162818","2015"
"0137","162839","2015"
"0137","162840","2015"
"0137","162841","2015"
"0137","162842","2015"
"0137","162843","2015"
"0137","162844","2015"
"0137","162845","2015"
"0137","162846","2015"
"0137","162847","2015"
"0137","162848","2015"
"0137","162849","2015"
"0699","163093","2015"
"0699","163094","2015"
"0297","163184","2015"
"0297","163185","2015"
"0272","163345","2015"
"0272","163346","2015"
"0272","163347","2015"
"0272","163348","2015"
"0272","163349","2015"
"0272","163350","2015"
"0234","163367","2015"
"0234","163368","2015"
"0352","163628","2015"
"0352","163629","2015"
"0537","163631","2015"
"0537","163632","2015"
"0537","163633","2015"
"0537","163634","2015"
"0537","163635","2015"
"0358","163671","2015"
"0358","163672","2015"
"0358","163673","2015"
"0686","163750","2015"
"0686","163751","2015"
"0686","163752","2015"
"0327","164106","2015"
"0327","164107","2015"
"0353","164125","2015"
"0353","164126","2015"
"0353","164127","2015"
"0353","164128","2015"
"0353","164129","2015"
"0353","164130","2015"
"0353","164131","2015"
"0305","164171","2015"
"0305","164172","2015"
"0105","164605","2015"
"0105","164606","2015"
"0664","164809","2015"
"0664","164810","2015"
"0476","164834","2015"
"0476","164835","2015"
"0476","164836","2015"
"0476","164837","2015"
"0476","164838","2015"
"0476","164839","2015"
"0476","164840","2015"
"0476","164841","2015"
"0476","164842","2015"
"0476","164843","2015"
"0476","164844","2015"
"0476","164845","2015"
"0476","164846","2015"
"0476","164847","2015"
"0640","164876","2015"
"0640","164877","2015"
"0314","164954","2015"
"0314","164955","2015"
"0314","164956","2015"
"0314","164957","2015"
"0314","164958","2015"
"0355","165059","2015"
"0355","165060","2015"
"0355","165061","2015"
"0659","165080","2015"
"0308","165203","2015"
"0308","165204","2015"
"0308","165205","2015"
"0308","165206","2015"
"0308","165207","2015"
"0400","165414","2015"
"0400","165415","2015"
"0523","165442","2015"
"0523","165443","2015"
"0523","165444","2015"
"0523","165445","2015"
"0523","165446","2015"
"0523","165447","2015"
"0523","165448","2015"
"0523","165449","2015"
"0523","165450","2015"
"0523","165451","2015"
"0523","165452","2015"
"0523","165453","2015"
"0523","165454","2015"
"0523","165455","2015"
"0523","165456","2015"
"0523","165457","2015"
"0523","165458","2015"
"0523","165459","2015"
"0728","165493","2015"
"0569","165537","2015"
"0569","165538","2015"
"0569","165539","2015"
"0569","165540","2015"
"0569","165541","2015"
"0569","165542","2015"
"0569","165543","2015"
"0569","165544","2015"
"0569","165545","2015"
"0569","165546","2015"
"0569","165547","2015"
"0328","166043","2015"
"0328","166044","2015"
"0328","166045","2015"
"0328","166046","2015"
"0328","166047","2015"
"0328","166048","2015"
"0386","166131","2015"
"0386","166132","2015"
"0386","166133","2015"
"0386","166134","2015"
"0386","166135","2015"
"0386","166136","2015"
"0386","166137","2015"
"0386","166138","2015"
"0553","166532","2015"
"0553","166533","2015"
"0553","166534","2015"
"0553","166535","2015"
"0553","166536","2015"
"0507","166613","2015"
"0507","166614","2015"
"0507","166615","2015"
"0507","166616","2015"
"0507","166617","2015"
"0554","166629","2015"
"0554","166630","2015"
"0554","166631","2015"
"0554","166632","2015"
"0554","166633","2015"
"0554","166634","2015"
"0554","166635","2015"
"0554","166636","2015"
"0554","166637","2015"
"0554","166638","2015"
"0554","166639","2015"
"0554","166640","2015"
"0554","166641","2015"
"0554","166642","2015"
"0554","166643","2015"
"0554","166644","2015"
"0554","166645","2015"
"0554","166646","2015"
"0554","166647","2015"
"0554","166648","2015"
"0554","166649","2015"
"0385","166792","2015"
"0385","166793","2015"
"0385","166794","2015"
"0385","166795","2015"
"0385","166796","2015"
"0385","166797","2015"
"0385","166798","2015"
"0385","166799","2015"
"0385","166800","2015"
"0385","166801","2015"
"0691","166825","2015"
"0691","166826","2015"
"0691","166827","2015"
"0143","166849","2015"
"0143","166850","2015"
"0143","166851","2015"
"0143","166852","2015"
"0143","166853","2015"
"0143","166854","2015"
"0143","166855","2015"
"0143","166856","2015"
"0143","166857","2015"
"0143","166858","2015"
"0143","166859","2015"
"0143","166860","2015"
"0143","166861","2015"
"0143","166862","2015"
"0143","166863","2015"
"0143","166864","2015"
"0531","166910","2015"
"0531","166911","2015"
"0531","166912","2015"
"0531","166913","2015"
"0531","166914","2015"
"0531","166915","2015"
"0531","166916","2015"
"0531","166917","2015"
"0531","166918","2015"
"0531","166919","2015"
"0531","166920","2015"
"0531","166921","2015"
"0531","166922","2015"
"0531","166923","2015"
"0531","166924","2015"
"0531","166925","2015"
"0531","166926","2015"
"0531","166927","2015"
"0531","166928","2015"
"0434","167030","2015"
"0434","167031","2015"
"0434","167032","2015"
"0434","167033","2015"
"0434","167034","2015"
"0434","167035","2015"
"0434","167036","2015"
"0434","167037","2015"
"0434","167038","2015"
"0434","167039","2015"
"0434","167040","2015"
"0434","167041","2015"
"0434","167042","2015"
"0794","167247","2015"
"0794","167248","2015"
"0541","167309","2015"
"0541","167310","2015"
"0541","167311","2015"
"0541","167312","2015"
"0541","167313","2015"
"0541","167314","2015"
"0541","167315","2015"
"0541","167316","2015"
"0541","167317","2015"
"0528","167412","2015"
"0528","167413","2015"
"0528","167414","2015"
"0373","167492","2015"
"0373","167493","2015"
"0373","167494","2015"
"0373","167495","2015"
"0373","167496","2015"
"0373","167497","2015"
"0373","167498","2015"
"0275","167516","2015"
"0275","167517","2015"
"0275","167518","2015"
"0275","167519","2015"
"0275","167520","2015"
"0275","167521","2015"
"0275","167522","2015"
"0275","167523","2015"
"0275","167524","2015"
"0275","167525","2015"
"0275","167526","2015"
"0275","167527","2015"
"0275","167528","2015"
"0275","167529","2015"
"0275","167530","2015"
"0275","167531","2015"
"0275","167532","2015"
"0275","167533","2015"
"0275","167534","2015"
"0275","167535","2015"
"0275","167536","2015"
"0275","167537","2015"
"0320","167582","2015"
"0320","167583","2015"
"0320","167584","2015"
"0320","167585","2015"
"0320","167586","2015"
"0320","167587","2015"
"0320","167588","2015"
"0320","167589","2015"
"0552","167616","2015"
"0552","167617","2015"
"0267","167733","2015"
"0267","167734","2015"
"0267","167735","2015"
"0267","167736","2015"
"0458","167781","2015"
"0458","167782","2015"
"0458","167783","2015"
"0458","167784","2015"
"0458","167785","2015"
"0458","167786","2015"
"0458","167787","2015"
"0592","167788","2015"
"0144","168250","2015"
"0144","168251","2015"
"0761","168300","2015"
"0761","168301","2015"
"0645","168390","2015"
"0645","168391","2015"
"0645","168392","2015"
"0645","168393","2015"
"0469","168445","2015"
"0469","168446","2015"
"0469","168447","2015"
"0469","168448","2015"
"0282","168449","2015"
"0282","168450","2015"
"0318","168468","2015"
"0318","168469","2015"
"0318","168470","2015"
"0318","168471","2015"
"0318","168472","2015"
"0318","168473","2015"
"0731","168478","2015"
"0731","168479","2015"
"0460","168644","2015"
"0460","168645","2015"
"0460","168646","2015"
"0460","168647","2015"
"0460","168648","2015"
"0460","168649","2015"
"0460","168650","2015"
"0460","168651","2015"
"0460","168652","2015"
"0460","168653","2015"
"0460","168654","2015"
"0460","168655","2015"
"0460","168656","2015"
"0460","168657","2015"
"0460","168658","2015"
"0460","168659","2015"
"0460","168660","2015"
"0435","168713","2015"
"0435","168714","2015"
"0435","168715","2015"
"0435","168716","2015"
"0435","168717","2015"
"0435","168718","2015"
"0435","168719","2015"
"0274","168759","2015"
"0274","168760","2015"
"0274","168761","2015"
"0274","168762","2015"
"0274","168763","2015"
"0274","168764","2015"
"0519","168775","2015"
"0519","168776","2015"
"0091","168804","2015"
"0091","168805","2015"
"0091","168806","2015"
"0091","168807","2015"
"0091","168808","2015"
"0454","168848","2015"
"0454","168849","2015"
"0454","168850","2015"
"0454","168851","2015"
"0454","168852","2015"
"0454","168853","2015"
"0454","168854","2015"
"0467","168894","2015"
"0467","168895","2015"
"0467","168896","2015"
"0467","168897","2015"
"0467","168898","2015"
"0467","168899","2015"
"0467","168900","2015"
"0467","168901","2015"
"0467","168902","2015"
"0467","168903","2015"
"0467","168904","2015"
"0467","168905","2015"
"0467","168906","2015"
"0467","168907","2015"
"0467","168908","2015"
"0467","168909","2015"
"0467","168910","2015"
"0467","168911","2015"
"0467","168912","2015"
"0467","168913","2015"
"0467","168914","2015"
"0467","168915","2015"
"0467","168916","2015"
"0467","168917","2015"
"0467","168918","2015"
"0467","168919","2015"
"0467","168920","2015"
"0451","169037","2015"
"0451","169038","2015"
"0451","169039","2015"
"0451","169040","2015"
"0451","169041","2015"
"0451","169042","2015"
"0451","169043","2015"
"0451","169044","2015"
"0451","169045","2015"
"0739","169141","2015"
"0739","169142","2015"
"0739","169143","2015"
"0739","169144","2015"
"0739","169145","2015"
"0739","169146","2015"
"0739","169147","2015"
"0739","169148","2015"
"0739","169149","2015"
"0562","169159","2015"
"0562","169160","2015"
"0562","169161","2015"
"0562","169162","2015"
"0562","169163","2015"
"0562","169164","2015"
"0562","169165","2015"
"0562","169166","2015"
"0562","169167","2015"
"0562","169168","2015"
"0562","169169","2015"
"0474","169225","2015"
"0474","169226","2015"
"0474","169227","2015"
"0474","169228","2015"
"0474","169229","2015"
"0474","169230","2015"
"0474","169231","2015"
"0474","169232","2015"
"0470","169316","2015"
"0470","169317","2015"
"0445","169538","2015"
"0445","169539","2015"
"0522","169578","2015"
"0522","169579","2015"
"0522","169580","2015"
"0522","169581","2015"
"0522","169582","2015"
"0522","169583","2015"
"0522","169584","2015"
"0522","169585","2015"
"0522","169586","2015"
"0522","169587","2015"
"0522","169588","2015"
"0522","169589","2015"
"0498","169602","2015"
"0498","169603","2015"
"0498","169604","2015"
"0498","169605","2015"
"0498","169606","2015"
"0498","169607","2015"
"0093","169646","2015"
"0093","169647","2015"
"0093","169648","2015"
"0090","169724","2015"
"0226","169732","2015"
"0226","169733","2015"
"0226","169734","2015"
"0489","169769","2015"
"0489","169770","2015"
"0489","169771","2015"
"0489","169772","2015"
"0364","169814","2015"
"0364","169815","2015"
"0364","169816","2015"
"0160","194092","2015"
"0160","194093","2015"
"0160","194094","2015"
"0160","194095","2015"
"0447","169873","2015"
"0447","169874","2015"
"0447","169875","2015"
"0447","169876","2015"
"0447","169877","2015"
"0447","169878","2015"
"0447","169879","2015"
"0447","169880","2015"
"0447","169881","2015"
"0479","169900","2015"
"0479","169901","2015"
"0559","169986","2015"
"0559","169987","2015"
"0536","170147","2015"
"0536","170148","2015"
"0536","170149","2015"
"0536","170150","2015"
"0536","170151","2015"
"0536","170152","2015"
"0536","170153","2015"
"0536","170154","2015"
"0536","170155","2015"
"0536","170156","2015"
"0536","170157","2015"
"0263","170175","2015"
"0263","170176","2015"
"0263","170177","2015"
"0263","170178","2015"
"0263","170179","2015"
"0263","170180","2015"
"0263","170181","2015"
"0263","170182","2015"
"0263","170183","2015"
"0263","170184","2015"
"0263","170185","2015"
"0263","170186","2015"
"0263","170187","2015"
"0263","170188","2015"
"0239","170226","2015"
"0239","170227","2015"
"0239","170228","2015"
"0239","170229","2015"
"0239","170230","2015"
"0239","170231","2015"
"0239","170232","2015"
"0239","170233","2015"
"0239","170234","2015"
"0239","170235","2015"
"0239","170236","2015"
"0239","170237","2015"
"0111","170244","2015"
"0111","170245","2015"
"0468","170313","2015"
"0468","170314","2015"
"0468","170315","2015"
"0715","170316","2015"
"0715","170317","2015"
"0715","170318","2015"
"0715","170319","2015"
"0715","170320","2015"
"0715","170321","2015"
"0715","170322","2015"
"0715","170323","2015"
"0715","170324","2015"
"0715","170325","2015"
"0715","170326","2015"
"0715","170327","2015"
"0715","170328","2015"
"0771","170369","2015"
"0771","170370","2015"
"0771","170371","2015"
"0693","170398","2015"
"0693","170399","2015"
"0693","170400","2015"
"0693","170401","2015"
"0693","170402","2015"
"0693","170403","2015"
"0693","170404","2015"
"0693","170405","2015"
"0379","194123","2015"
"0424","170537","2015"
"0424","170538","2015"
"0424","170539","2015"
"0506","170544","2015"
"0506","170545","2015"
"0506","170546","2015"
"0506","170547","2015"
"0506","170548","2015"
"0506","170549","2015"
"0506","170550","2015"
"0506","170551","2015"
"0213","170566","2015"
"0213","170567","2015"
"0213","170568","2015"
"0213","170569","2015"
"0213","170570","2015"
"0213","170571","2015"
"0213","170572","2015"
"0213","170573","2015"
"0622","170574","2015"
"0622","170575","2015"
"0622","170576","2015"
"0622","170577","2015"
"0067","170604","2015"
"0067","170605","2015"
"0067","170606","2015"
"0067","170607","2015"
"0599","170617","2015"
"0599","170618","2015"
"0495","170685","2015"
"0495","170686","2015"
"0141","170751","2015"
"0141","170752","2015"
"0543","170794","2015"
"0543","170795","2015"
"0543","170796","2015"
"0543","170797","2015"
"0543","170798","2015"
"0543","170799","2015"
"0543","170800","2015"
"0543","170801","2015"
"0543","170802","2015"
"0543","170803","2015"
"0543","170804","2015"
"0543","170805","2015"
"0543","170806","2015"
"0543","170807","2015"
"0543","170808","2015"
"0084","170883","2015"
"0084","170884","2015"
"0209","170904","2015"
"0209","170905","2015"
"0209","170906","2015"
"0448","170908","2015"
"0448","170909","2015"
"0448","170910","2015"
"0448","170911","2015"
"0448","170912","2015"
"0448","170913","2015"
"0448","170914","2015"
"0448","170915","2015"
"0508","170926","2015"
"0508","170927","2015"
"0508","170928","2015"
"0508","170929","2015"
"0508","170930","2015"
"0508","170931","2015"
"0052","170932","2015"
"0052","170933","2015"
"0052","170934","2015"
"0052","170935","2015"
"0052","170936","2015"
"0052","170937","2015"
"0052","170938","2015"
"0052","170939","2015"
"0052","170940","2015"
"0052","170941","2015"
"0052","170942","2015"
"0052","170943","2015"
"0052","170944","2015"
"0052","170945","2015"
"0052","170946","2015"
"0052","170947","2015"
"0052","170948","2015"
"0052","170949","2015"
"0052","170950","2015"
"0052","170951","2015"
"0052","170952","2015"
"0088","171033","2015"
"0088","171034","2015"
"0088","171035","2015"
"0088","171036","2015"
"0088","171037","2015"
"0590","171190","2015"
"0590","171191","2015"
"0287","171192","2015"
"0287","171193","2015"
"0620","171198","2015"
"0620","171199","2015"
"0620","171200","2015"
"0620","171201","2015"
"0620","171202","2015"
"0563","171220","2015"
"0563","171221","2015"
"0701","171447","2015"
"0701","171448","2015"
"0701","171449","2015"
"0701","171450","2015"
"0701","171451","2015"
"0701","171452","2015"
"0701","171453","2015"
"0701","171454","2015"
"0701","171455","2015"
"0701","171456","2015"
"0701","171457","2015"
"0701","171458","2015"
"0701","171459","2015"
"0701","171460","2015"
"0701","171461","2015"
"0701","171462","2015"
"0257","171468","2015"
"0257","171469","2015"
"0257","171470","2015"
"0257","171471","2015"
"0257","171472","2015"
"0257","171473","2015"
"0257","171474","2015"
"0257","171475","2015"
"0257","171476","2015"
"0257","171477","2015"
"0257","171478","2015"
"0257","171479","2015"
"0257","171480","2015"
"0257","171481","2015"
"0568","171511","2015"
"0568","171512","2015"
"0568","171513","2015"
"0568","171514","2015"
"0568","171515","2015"
"0568","171516","2015"
"0568","171517","2015"
"0568","171518","2015"
"0568","171519","2015"
"0568","171520","2015"
"0535","171583","2015"
"0535","171584","2015"
"0535","171585","2015"
"0337","171635","2015"
"0337","171636","2015"
"0337","171637","2015"
"0337","171638","2015"
"0337","171639","2015"
"0337","171640","2015"
"0337","171641","2015"
"0747","171642","2015"
"0747","171643","2015"
"0747","171644","2015"
"0747","171645","2015"
"0747","171646","2015"
"0747","171647","2015"
"0747","171648","2015"
"0747","171649","2015"
"0747","171650","2015"
"0747","171651","2015"
"0747","171652","2015"
"0509","171709","2015"
"0509","171710","2015"
"0289","171799","2015"
"0289","171800","2015"
"0289","171801","2015"
"0359","171822","2015"
"0359","171823","2015"
"0359","171824","2015"
"0581","171851","2015"
"0581","171852","2015"
"0581","171853","2015"
"0581","171854","2015"
"0581","171855","2015"
"0256","171872","2015"
"0256","171873","2015"
"0256","171874","2015"
"0256","171875","2015"
"0256","171876","2015"
"0256","171877","2015"
"0466","171896","2015"
"0466","171897","2015"
"0295","171963","2015"
"0295","171964","2015"
"0295","171965","2015"
"0295","171966","2015"
"0295","171967","2015"
"0295","171968","2015"
"0295","171969","2015"
"0295","171970","2015"
"0295","171971","2015"
"0295","171972","2015"
"0295","171973","2015"
"0295","171974","2015"
"0295","171975","2015"
"0295","171976","2015"
"0295","171977","2015"
"0295","171978","2015"
"0295","171979","2015"
"0295","171980","2015"
"0295","171981","2015"
"0764","172020","2015"
"0764","172021","2015"
"0121","172028","2015"
"0121","172029","2015"
"0121","172030","2015"
"0510","172087","2015"
"0510","172088","2015"
"0510","172089","2015"
"0510","172090","2015"
"0763","172201","2015"
"0763","172202","2015"
"0763","172203","2015"
"0763","172204","2015"
"0763","172205","2015"
"0763","172206","2015"
"0763","172207","2015"
"0763","172208","2015"
"0763","172209","2015"
"0763","172210","2015"
"0763","172211","2015"
"0763","172212","2015"
"0763","172213","2015"
"0763","172214","2015"
"0763","172215","2015"
"0763","172216","2015"
"0763","172217","2015"
"0763","172218","2015"
"0763","172219","2015"
"0763","172220","2015"
"0763","172221","2015"
"0763","172222","2015"
"0763","172223","2015"
"0763","172224","2015"
"0763","172225","2015"
"0763","172226","2015"
"0347","172228","2015"
"0347","172229","2015"
"0347","172230","2015"
"0347","172231","2015"
"0347","172232","2015"
"0347","172233","2015"
"0347","172234","2015"
"0347","172235","2015"
"0347","172236","2015"
"0347","172237","2015"
"0347","172238","2015"
"0347","172239","2015"
"0347","172240","2015"
"0347","172241","2015"
"0347","172242","2015"
"0347","172243","2015"
"0347","172244","2015"
"0707","172263","2015"
"0707","172264","2015"
"0603","172265","2015"
"0603","172266","2015"
"0230","172381","2015"
"0230","172382","2015"
"0230","172383","2015"
"0230","172384","2015"
"0230","172385","2015"
"0230","172386","2015"
"0230","172387","2015"
"0230","172388","2015"
"0230","172389","2015"
"0230","172390","2015"
"0230","172391","2015"
"0230","172392","2015"
"0230","172393","2015"
"0230","172394","2015"
"0230","172395","2015"
"0230","172396","2015"
"0230","172397","2015"
"0230","172398","2015"
"0230","172399","2015"
"0230","172400","2015"
"0230","172401","2015"
"0230","172402","2015"
"0809","172406","2015"
"0809","172407","2015"
"0139","172421","2015"
"0139","172422","2015"
"0139","172423","2015"
"0139","172424","2015"
"0139","172425","2015"
"0139","172426","2015"
"0491","172479","2015"
"0491","172480","2015"
"0491","172481","2015"
"0491","172482","2015"
"0491","172483","2015"
"0491","172484","2015"
"0491","172485","2015"
"0491","172486","2015"
"0491","172487","2015"
"0324","172517","2015"
"0324","172518","2015"
"0324","172519","2015"
"0324","172520","2015"
"0324","172521","2015"
"0725","172625","2015"
"0725","172626","2015"
"0018","172711","2015"
"0604","172893","2015"
"0604","172894","2015"
"0653","172986","2015"
"0653","172987","2015"
"0653","172988","2015"
"0653","172989","2015"
"0653","172990","2015"
"0462","173015","2015"
"0462","173016","2015"
"0462","173017","2015"
"0462","173018","2015"
"0462","173019","2015"
"0462","173020","2015"
"0028","173062","2015"
"0028","173063","2015"
"0377","173092","2015"
"0377","173093","2015"
"0377","173094","2015"
"0377","173095","2015"
"0570","173122","2015"
"0570","173123","2015"
"0570","173124","2015"
"0570","173125","2015"
"0570","173126","2015"
"0570","173127","2015"
"0570","173128","2015"
"0570","173129","2015"
"0570","173130","2015"
"0570","173131","2015"
"0570","173132","2015"
"0570","173133","2015"
"0570","173134","2015"
"0570","173135","2015"
"0570","173136","2015"
"0570","173137","2015"
"0570","173138","2015"
"0570","173139","2015"
"0149","173155","2015"
"0149","173156","2015"
"0149","173157","2015"
"0149","173158","2015"
"0149","173159","2015"
"0149","173160","2015"
"0149","173161","2015"
"0149","173162","2015"
"0480","173167","2015"
"0626","173296","2015"
"0626","173297","2015"
"0626","173298","2015"
"0224","173301","2015"
"0224","173302","2015"
"0224","173303","2015"
"0224","173304","2015"
"0224","173305","2015"
"0224","173306","2015"
"0575","173385","2015"
"0575","173386","2015"
"0575","173387","2015"
"0575","173388","2015"
"0575","173389","2015"
"0575","173390","2015"
"0575","173391","2015"
"0575","173392","2015"
"0575","173393","2015"
"0575","173394","2015"
"0575","173395","2015"
"0575","173396","2015"
"0575","173397","2015"
"0575","173398","2015"
"0285","173410","2015"
"0285","173411","2015"
"0285","173412","2015"
"0285","173413","2015"
"0607","173423","2015"
"0607","173424","2015"
"0177","173540","2015"
"0177","173541","2015"
"0177","173542","2015"
"0177","173543","2015"
"0190","173652","2015"
"0190","173653","2015"
"0190","173654","2015"
"0190","173655","2015"
"0190","173656","2015"
"0190","173657","2015"
"0227","173675","2015"
"0227","173676","2015"
"0227","173677","2015"
"0422","173723","2015"
"0422","173724","2015"
"0422","173725","2015"
"0422","173726","2015"
"0422","173727","2015"
"0422","173728","2015"
"0422","173729","2015"
"0422","173730","2015"
"0422","173731","2015"
"0422","173732","2015"
"0422","173733","2015"
"0422","173734","2015"
"0422","173735","2015"
"0422","173736","2015"
"0422","173737","2015"
"0422","173738","2015"
"0422","173739","2015"
"0422","173740","2015"
"0190","173831","2015"
"0102","173859","2015"
"0102","173860","2015"
"0102","173861","2015"
"0102","173862","2015"
"0238","173957","2015"
"0238","173958","2015"
"0238","173959","2015"
"0238","173960","2015"
"0238","173961","2015"
"0238","173962","2015"
"0238","173963","2015"
"0238","173964","2015"
"0238","173965","2015"
"0238","173966","2015"
"0426","173994","2015"
"0426","173995","2015"
"0426","173996","2015"
"0426","173997","2015"
"0426","173998","2015"
"0426","173999","2015"
"0426","174000","2015"
"0426","174001","2015"
"0426","174002","2015"
"0657","174028","2015"
"0657","174029","2015"
"0375","174073","2015"
"0375","174074","2015"
"0375","174075","2015"
"0375","174076","2015"
"0484","174117","2015"
"0484","174118","2015"
"0484","174119","2015"
"0484","174120","2015"
"0638","174146","2015"
"0638","174147","2015"
"0252","174195","2015"
"0252","174196","2015"
"0252","174197","2015"
"0252","174198","2015"
"0252","174199","2015"
"0252","174200","2015"
"0252","174201","2015"
"0252","174202","2015"
"0485","174209","2015"
"0485","174210","2015"
"0485","174211","2015"
"0485","174212","2015"
"0485","174213","2015"
"0485","174214","2015"
"0485","174215","2015"
"0485","174216","2015"
"0485","174217","2015"
"0485","174218","2015"
"0485","174219","2015"
"0485","174220","2015"
"0515","174320","2015"
"0515","174321","2015"
"0515","174322","2015"
"0515","174323","2015"
"0515","174324","2015"
"0473","174326","2015"
"0473","174327","2015"
"0473","174328","2015"
"0473","174329","2015"
"0473","174330","2015"
"0473","174331","2015"
"0473","174332","2015"
"0473","174333","2015"
"0473","174334","2015"
"0473","174335","2015"
"0473","174336","2015"
"0473","174337","2015"
"0473","174338","2015"
"0473","174339","2015"
"0473","174340","2015"
"0473","174341","2015"
"0473","174342","2015"
"0473","174343","2015"
"0473","174344","2015"
"0473","174345","2015"
"0473","174346","2015"
"0473","174347","2015"
"0473","174348","2015"
"0473","174349","2015"
"0473","174350","2015"
"0473","174351","2015"
"0473","174352","2015"
"0473","174353","2015"
"0473","174354","2015"
"0473","174355","2015"
"0473","174356","2015"
"0473","174357","2015"
"0473","174358","2015"
"0473","174359","2015"
"0473","174360","2015"
"0473","174361","2015"
"0473","174362","2015"
"0473","174363","2015"
"0473","174364","2015"
"0273","174410","2015"
"0273","174411","2015"
"0521","174449","2015"
"0521","174450","2015"
"0521","174451","2015"
"0074","174461","2015"
"0074","174462","2015"
"0074","174463","2015"
"0074","174464","2015"
"0074","174465","2015"
"0074","174466","2015"
"0074","174467","2015"
"0074","174468","2015"
"0074","174469","2015"
"0379","194124","2015"
"0379","194125","2015"
"0379","194126","2015"
"0379","194127","2015"
"0379","194128","2015"
"0379","194129","2015"
"0379","194130","2015"
"0379","194131","2015"
"0379","194132","2015"
"0298","174842","2015"
"0298","174843","2015"
"0298","174844","2015"
"0298","174845","2015"
"0298","174846","2015"
"0298","174847","2015"
"0298","174848","2015"
"0298","174849","2015"
"0298","174850","2015"
"0298","174851","2015"
"0325","174923","2015"
"0325","174924","2015"
"0325","174925","2015"
"0325","174926","2015"
"0325","174927","2015"
"0325","174928","2015"
"0325","174929","2015"
"0325","174930","2015"
"0325","174931","2015"
"0648","174934","2015"
"0648","174935","2015"
"0648","174936","2015"
"0648","174937","2015"
"0648","174938","2015"
"0648","174939","2015"
"0496","174942","2015"
"0496","174943","2015"
"0496","174944","2015"
"0496","174945","2015"
"0496","174946","2015"
"0496","174947","2015"
"0496","174948","2015"
"0496","174949","2015"
"0496","174950","2015"
"0496","174951","2015"
"0496","174952","2015"
"0496","174953","2015"
"0496","174954","2015"
"0496","174955","2015"
"0496","174956","2015"
"0496","174957","2015"
"0496","174958","2015"
"0496","174959","2015"
"0001","175055","2015"
"0001","175056","2015"
"0001","175057","2015"
"0001","175058","2015"
"0001","175059","2015"
"0270","175077","2015"
"0270","175078","2015"
"0270","175079","2015"
"0270","175080","2015"
"0270","175081","2015"
"0270","175082","2015"
"0270","175083","2015"
"0270","175084","2015"
"0270","175085","2015"
"0270","175086","2015"
"0270","175087","2015"
"0270","175088","2015"
"0415","175159","2015"
"0415","175160","2015"
"0415","175161","2015"
"0415","175162","2015"
"0415","175163","2015"
"0415","175164","2015"
"0415","175165","2015"
"0415","175166","2015"
"0415","175167","2015"
"0415","175168","2015"
"0415","175169","2015"
"0415","175170","2015"
"0415","175171","2015"
"0415","175172","2015"
"0415","175173","2015"
"0415","175174","2015"
"0415","175175","2015"
"0251","175234","2015"
"0251","175235","2015"
"0251","175236","2015"
"0251","175237","2015"
"0251","175238","2015"
"0251","175239","2015"
"0251","175240","2015"
"0251","175241","2015"
"0251","175242","2015"
"0251","175243","2015"
"0251","175244","2015"
"0235","175390","2015"
"0235","175391","2015"
"0235","175392","2015"
"0235","175393","2015"
"0235","175394","2015"
"0235","175395","2015"
"0235","175396","2015"
"0560","175427","2015"
"0560","175428","2015"
"0560","175429","2015"
"0560","175430","2015"
"0560","175431","2015"
"0560","175432","2015"
"0560","175433","2015"
"0560","175434","2015"
"0560","175435","2015"
"0560","175436","2015"
"0560","175437","2015"
"0560","175438","2015"
"0560","175439","2015"
"0560","175440","2015"
"0560","175441","2015"
"0560","175442","2015"
"0560","175443","2015"
"0560","175444","2015"
"0560","175445","2015"
"0255","175448","2015"
"0255","175449","2015"
"0255","175450","2015"
"0255","175451","2015"
"0255","175452","2015"
"0255","175453","2015"
"0255","175454","2015"
"0255","175455","2015"
"0255","175456","2015"
"0255","175457","2015"
"0255","175458","2015"
"0436","175529","2015"
"0436","175530","2015"
"0436","175531","2015"
"0436","175532","2015"
"0436","175533","2015"
"0436","175534","2015"
"0436","175535","2015"
"0436","175536","2015"
"0436","175537","2015"
"0520","175674","2015"
"0520","175675","2015"
"0520","175676","2015"
"0520","175677","2015"
"0520","175678","2015"
"0520","175679","2015"
"0520","175680","2015"
"0253","175716","2015"
"0253","175717","2015"
"0253","175718","2015"
"0253","175719","2015"
"0253","175720","2015"
"0253","175721","2015"
"0253","175722","2015"
"0253","175723","2015"
"0253","175724","2015"
"0253","175725","2015"
"0253","175726","2015"
"0253","175727","2015"
"0253","175728","2015"
"0253","175729","2015"
"0737","175761","2015"
"0737","175762","2015"
"0294","175772","2015"
"0294","175773","2015"
"0294","175774","2015"
"0294","175775","2015"
"0294","175776","2015"
"0108","175795","2015"
"0108","175796","2015"
"0108","175797","2015"
"0108","175798","2015"
"0108","175799","2015"
"0108","175800","2015"
"0108","175801","2015"
"0108","175802","2015"
"0108","175803","2015"
"0108","175804","2015"
"0108","175805","2015"
"0108","175806","2015"
"0108","175807","2015"
"0005","175826","2015"
"0005","175827","2015"
"0262","175862","2015"
"0262","175863","2015"
"0262","175864","2015"
"0262","175865","2015"
"0477","175880","2015"
"0477","175881","2015"
"0477","175882","2015"
"0477","175883","2015"
"0477","175884","2015"
"0477","175885","2015"
"0477","175886","2015"
"0477","175887","2015"
"0034","175973","2015"
"0034","175974","2015"
"0034","175975","2015"
"0034","175976","2015"
"0034","175977","2015"
"0034","175978","2015"
"0034","175979","2015"
"0034","175980","2015"
"0034","175981","2015"
"0579","176024","2015"
"0579","176025","2015"
"0579","176026","2015"
"0579","176027","2015"
"0579","176028","2015"
"0579","176029","2015"
"0579","176030","2015"
"0579","176031","2015"
"0579","176032","2015"
"0579","176033","2015"
"0579","176034","2015"
"0579","176035","2015"
"0574","176044","2015"
"0574","176045","2015"
"0574","176046","2015"
"0574","176047","2015"
"0574","176048","2015"
"0574","176049","2015"
"0574","176050","2015"
"0574","176051","2015"
"0574","176052","2015"
"0574","176053","2015"
"0574","176054","2015"
"0254","176069","2015"
"0254","176070","2015"
"0254","176071","2015"
"0254","176072","2015"
"0254","176073","2015"
"0254","176074","2015"
"0254","176075","2015"
"0254","176076","2015"
"0254","176077","2015"
"0254","176078","2015"
"0254","176079","2015"
"0254","176080","2015"
"0254","176081","2015"
"0254","176082","2015"
"0254","176083","2015"
"0254","176084","2015"
"0254","176085","2015"
"0254","176086","2015"
"0254","176087","2015"
"0150","176097","2015"
"0150","176098","2015"
"0150","176099","2015"
"0150","176100","2015"
"0150","176101","2015"
"0150","176102","2015"
"0150","176103","2015"
"0150","176104","2015"
"0150","176105","2015"
"0150","176106","2015"
"0150","176107","2015"
"0150","176108","2015"
"0150","176109","2015"
"0551","176127","2015"
"0551","176128","2015"
"0551","176129","2015"
"0551","176130","2015"
"0551","176131","2015"
"0615","176309","2015"
"0615","176310","2015"
"0615","176311","2015"
"0615","176312","2015"
"0615","176313","2015"
"0615","176314","2015"
"0615","176315","2015"
"0221","176368","2015"
"0221","176369","2015"
"0221","176370","2015"
"0221","176371","2015"
"0202","176450","2015"
"0202","176451","2015"
"0202","176452","2015"
"0202","176453","2015"
"0202","176454","2015"
"0202","176455","2015"
"0202","176456","2015"
"0202","176457","2015"
"0202","176458","2015"
"0202","176459","2015"
"0202","176460","2015"
"0202","176461","2015"
"0202","176462","2015"
"0202","176463","2015"
"0461","176470","2015"
"0461","176471","2015"
"0461","176472","2015"
"0461","176473","2015"
"0461","176474","2015"
"0461","176475","2015"
"0573","176532","2015"
"0573","176533","2015"
"0573","176534","2015"
"0573","176535","2015"
"0573","176536","2015"
"0573","176537","2015"
"0573","176538","2015"
"0573","176539","2015"
"0573","176540","2015"
"0573","176541","2015"
"0573","176542","2015"
"0573","176543","2015"
"0573","176544","2015"
"0573","176545","2015"
"0573","176546","2015"
"0573","176547","2015"
"0573","176548","2015"
"0573","176549","2015"
"0573","176550","2015"
"0573","176551","2015"
"0573","176552","2015"
"0573","176553","2015"
"0573","176554","2015"
"0573","176555","2015"
"0773","176584","2015"
"0773","176585","2015"
"0587","176653","2015"
"0587","176654","2015"
"0587","176655","2015"
"0587","176656","2015"
"0587","176657","2015"
"0513","176713","2015"
"0513","176714","2015"
"0513","176715","2015"
"0513","176716","2015"
"0513","176717","2015"
"0513","176718","2015"
"0513","176719","2015"
"0513","176720","2015"
"0513","176721","2015"
"0513","176722","2015"
"0513","176723","2015"
"0513","176724","2015"
"0513","176725","2015"
"0513","176726","2015"
"0513","176727","2015"
"0178","176740","2015"
"0178","176741","2015"
"0529","176803","2015"
"0529","176804","2015"
"0229","176939","2015"
"0229","176940","2015"
"0229","176941","2015"
"0774","177048","2015"
"0774","177049","2015"
"0774","177050","2015"
"0774","177051","2015"
"0774","177052","2015"
"0774","177053","2015"
"0774","177054","2015"
"0774","177055","2015"
"0774","177056","2015"
"0774","177057","2015"
"0079","177099","2015"
"0079","177100","2015"
"0079","177101","2015"
"0079","177102","2015"
"0079","177103","2015"
"0079","177104","2015"
"0079","177105","2015"
"0079","177106","2015"
"0621","177109","2015"
"0621","177110","2015"
"0621","177111","2015"
"0621","177112","2015"
"0621","177113","2015"
"0621","177114","2015"
"0621","177115","2015"
"0369","177145","2015"
"0369","177146","2015"
"0369","177147","2015"
"0369","177148","2015"
"0369","177149","2015"
"0369","177150","2015"
"0369","177151","2015"
"0369","177152","2015"
"0369","177153","2015"
"0369","177154","2015"
"0369","177155","2015"
"0369","177156","2015"
"0369","177157","2015"
"0369","177158","2015"
"0369","177159","2015"
"0369","177160","2015"
"0369","177161","2015"
"0369","177162","2015"
"0369","177163","2015"
"0369","177164","2015"
"0369","177165","2015"
"0369","177166","2015"
"0369","177167","2015"
"0361","177212","2015"
"0361","177213","2015"
"0361","177214","2015"
"0361","177215","2015"
"0361","177216","2015"
"0361","177217","2015"
"0361","177218","2015"
"0361","177219","2015"
"0361","177220","2015"
"0361","177221","2015"
"0361","177222","2015"
"0639","177240","2015"
"0639","177241","2015"
"0639","177242","2015"
"0639","177243","2015"
"0585","177278","2015"
"0585","177279","2015"
"0243","177357","2015"
"0243","177358","2015"
"0243","177359","2015"
"0243","177360","2015"
"0243","177361","2015"
"0243","177362","2015"
"0243","177363","2015"
"0243","177364","2015"
"0243","177365","2015"
"0243","177366","2015"
"0243","177367","2015"
"0164","177465","2015"
"0164","177466","2015"
"0164","177467","2015"
"0164","177468","2015"
"0164","177469","2015"
"0164","177470","2015"
"0164","177471","2015"
"0164","177472","2015"
"0164","177473","2015"
"0164","177474","2015"
"0164","177475","2015"
"0164","177476","2015"
"0164","177477","2015"
"0164","177478","2015"
"0164","177479","2015"
"0164","177480","2015"
"0164","177481","2015"
"0164","177482","2015"
"0164","177483","2015"
"0164","177484","2015"
"0164","177485","2015"
"0164","177486","2015"
"0201","177489","2015"
"0201","177490","2015"
"0201","177491","2015"
"0201","177492","2015"
"0201","177493","2015"
"0201","177494","2015"
"0201","177495","2015"
"0033","177582","2015"
"0033","177583","2015"
"0033","177584","2015"
"0033","177585","2015"
"0033","177586","2015"
"0033","177587","2015"
"0033","177588","2015"
"0033","177589","2015"
"0089","177610","2015"
"0089","177611","2015"
"0097","177622","2015"
"0384","177628","2015"
"0384","177629","2015"
"0384","177630","2015"
"0384","177631","2015"
"0384","177632","2015"
"0384","177633","2015"
"0384","177634","2015"
"0384","177635","2015"
"0384","177636","2015"
"0384","177637","2015"
"0384","177638","2015"
"0384","177639","2015"
"0384","177640","2015"
"0384","177641","2015"
"0030","177683","2015"
"0030","177684","2015"
"0030","177685","2015"
"0030","177686","2015"
"0030","177687","2015"
"0030","177688","2015"
"0030","177689","2015"
"0030","177690","2015"
"0030","177691","2015"
"0080","177721","2015"
"0080","177722","2015"
"0080","177723","2015"
"0080","177724","2015"
"0080","177725","2015"
"0080","177726","2015"
"0036","177912","2015"
"0036","177913","2015"
"0036","177914","2015"
"0036","177915","2015"
"0036","177916","2015"
"0036","177917","2015"
"0036","177918","2015"
"0036","177919","2015"
"0527","177928","2015"
"0527","177929","2015"
"0527","177930","2015"
"0527","177931","2015"
"0700","178002","2015"
"0700","178003","2015"
"0690","178006","2015"
"0690","178007","2015"
"0020","178068","2015"
"0020","178069","2015"
"0020","178070","2015"
"0020","178071","2015"
"0020","178072","2015"
"0020","178073","2015"
"0813","178127","2015"
"0813","178128","2015"
"0813","178129","2015"
"0813","178130","2015"
"0455","178197","2015"
"0455","178198","2015"
"0455","178199","2015"
"0455","178200","2015"
"0444","178238","2015"
"0444","178239","2015"
"0724","178346","2015"
"0724","178347","2015"
"0056","178348","2015"
"0056","178349","2015"
"0056","178350","2015"
"0056","178351","2015"
"0056","178352","2015"
"0056","178353","2015"
"0056","178354","2015"
"0056","178355","2015"
"0056","178356","2015"
"0056","178357","2015"
"0056","178358","2015"
"0056","178359","2015"
"0056","178360","2015"
"0056","178361","2015"
"0037","178370","2015"
"0037","178371","2015"
"0037","178372","2015"
"0037","178373","2015"
"0037","178374","2015"
"0037","178375","2015"
"0040","178424","2015"
"0040","178425","2015"
"0040","178426","2015"
"0040","178427","2015"
"0769","178460","2015"
"0769","178461","2015"
"0412","178548","2015"
"0412","178549","2015"
"0412","178550","2015"
"0412","178551","2015"
"0412","178552","2015"
"0412","178553","2015"
"0412","178554","2015"
"0412","178555","2015"
"0412","178556","2015"
"0514","178583","2015"
"0514","178584","2015"
"0514","178585","2015"
"0514","178586","2015"
"0514","178587","2015"
"0514","178588","2015"
"0514","178589","2015"
"0514","178590","2015"
"0514","178591","2015"
"0514","178592","2015"
"0514","178593","2015"
"0514","178594","2015"
"0514","178595","2015"
"0514","178596","2015"
"0514","178597","2015"
"0687","178646","2015"
"0687","178647","2015"
"0687","178648","2015"
"0372","178715","2015"
"0372","178716","2015"
"0372","178717","2015"
"0372","178718","2015"
"0372","178719","2015"
"0372","178720","2015"
"0372","178721","2015"
"0372","178722","2015"
"0372","178723","2015"
"0556","178760","2015"
"0556","178761","2015"
"0556","178762","2015"
"0556","178763","2015"
"0367","178801","2015"
"0367","178802","2015"
"0367","178803","2015"
"0367","178804","2015"
"0367","178805","2015"
"0367","178806","2015"
"0367","178807","2015"
"0367","178808","2015"
"0367","178809","2015"
"0367","178810","2015"
"0367","178811","2015"
"0181","178827","2015"
"0181","178828","2015"
"0181","178829","2015"
"0181","178830","2015"
"0181","178831","2015"
"0181","178832","2015"
"0181","178833","2015"
"0181","178834","2015"
"0181","178835","2015"
"0181","178836","2015"
"0181","178837","2015"
"0181","178838","2015"
"0181","178839","2015"
"0181","178840","2015"
"0216","178925","2015"
"0216","178926","2015"
"0216","178927","2015"
"0216","178928","2015"
"0216","178929","2015"
"0216","178930","2015"
"0216","178931","2015"
"0564","178944","2015"
"0564","178945","2015"
"0564","178946","2015"
"0564","178947","2015"
"0744","178958","2015"
"0744","178959","2015"
"0463","179019","2015"
"0463","179020","2015"
"0463","179021","2015"
"0463","179022","2015"
"0463","179023","2015"
"0463","179024","2015"
"0463","179025","2015"
"0463","179026","2015"
"0220","179039","2015"
"0220","179040","2015"
"0220","179041","2015"
"0220","179042","2015"
"0220","179043","2015"
"0220","179044","2015"
"0220","179045","2015"
"0220","179046","2015"
"0220","179047","2015"
"0220","179048","2015"
"0220","179049","2015"
"0220","179050","2015"
"0220","179051","2015"
"0220","179052","2015"
"0220","179053","2015"
"0493","179060","2015"
"0493","179061","2015"
"0493","179062","2015"
"0493","179063","2015"
"0493","179064","2015"
"0680","179122","2015"
"0680","179123","2015"
"0366","179415","2015"
"0366","179416","2015"
"0366","179417","2015"
"0366","179418","2015"
"0366","179419","2015"
"0366","179420","2015"
"0366","179421","2015"
"0366","179422","2015"
"0366","179423","2015"
"0366","179424","2015"
"0366","179425","2015"
"0366","179426","2015"
"0486","179504","2015"
"0486","179505","2015"
"0032","179531","2015"
"0032","179532","2015"
"0032","179533","2015"
"0260","179545","2015"
"0260","179546","2015"
"0260","179547","2015"
"0260","179548","2015"
"0260","179549","2015"
"0260","179550","2015"
"0260","179551","2015"
"0683","179553","2015"
"0683","179554","2015"
"0683","179555","2015"
"0683","179556","2015"
"0261","179846","2015"
"0261","179847","2015"
"0261","179848","2015"
"0261","179849","2015"
"0261","179850","2015"
"0261","179851","2015"
"0261","179852","2015"
"0261","179853","2015"
"0261","179854","2015"
"0261","179855","2015"
"0299","179872","2015"
"0299","179873","2015"
"0299","179874","2015"
"0299","179875","2015"
"0299","179876","2015"
"0697","179906","2015"
"0697","179907","2015"
"0697","179908","2015"
"0309","179992","2015"
"0309","179993","2015"
"0490","180001","2015"
"0490","180002","2015"
"0490","180003","2015"
"0490","180004","2015"
"0490","180005","2015"
"0490","180006","2015"
"0490","180007","2015"
"0490","180008","2015"
"0490","180009","2015"
"0490","180010","2015"
"0490","180011","2015"
"0490","180012","2015"
"0490","180013","2015"
"0490","180014","2015"
"0490","180015","2015"
"0490","180016","2015"
"0490","180017","2015"
"0490","180018","2015"
"0490","180019","2015"
"0490","180020","2015"
"0290","180029","2015"
"0290","180030","2015"
"0290","180031","2015"
"0290","180032","2015"
"0195","180043","2015"
"0195","180044","2015"
"0195","180045","2015"
"0195","180046","2015"
"0195","180047","2015"
"0195","180048","2015"
"0195","180049","2015"
"0382","180074","2015"
"0382","180075","2015"
"0757","180340","2015"
"0757","180341","2015"
"0322","180431","2015"
"0322","180432","2015"
"0322","180433","2015"
"0322","180434","2015"
"0322","180435","2015"
"0322","180436","2015"
"0322","180437","2015"
"0322","180438","2015"
"0322","180439","2015"
"0555","180517","2015"
"0555","180518","2015"
"0555","180519","2015"
"0555","180520","2015"
"0555","180521","2015"
"0555","180522","2015"
"0555","180523","2015"
"0555","180524","2015"
"0555","180525","2015"
"0092","180589","2015"
"0092","180590","2015"
"0092","180591","2015"
"0092","180592","2015"
"0092","180593","2015"
"0092","180594","2015"
"0092","180595","2015"
"0092","180596","2015"
"0092","180597","2015"
"0092","180598","2015"
"0078","180603","2015"
"0078","180604","2015"
"0078","180605","2015"
"0078","180606","2015"
"0078","180607","2015"
"0078","180608","2015"
"0078","180609","2015"
"0078","180610","2015"
"0078","180611","2015"
"0078","180612","2015"
"0078","180613","2015"
"0078","180614","2015"
"0078","180615","2015"
"0078","180616","2015"
"0078","180617","2015"
"0078","180618","2015"
"0078","180619","2015"
"0078","180620","2015"
"0172","180645","2015"
"0172","180646","2015"
"0172","180647","2015"
"0172","180648","2015"
"0172","180649","2015"
"0172","180650","2015"
"0172","180651","2015"
"0172","180652","2015"
"0172","180653","2015"
"0172","180654","2015"
"0172","180655","2015"
"0172","180656","2015"
"0172","180657","2015"
"0661","180687","2015"
"0695","180688","2015"
"0695","180689","2015"
"0618","180692","2015"
"0618","180693","2015"
"0618","180694","2015"
"0618","180695","2015"
"0618","180696","2015"
"0618","180697","2015"
"0618","180698","2015"
"0618","180699","2015"
"0618","180700","2015"
"0618","180701","2015"
"0694","180713","2015"
"0694","180714","2015"
"0736","180857","2015"
"0736","180858","2015"
"0736","180859","2015"
"0736","180860","2015"
"0736","180861","2015"
"0736","180862","2015"
"0736","180863","2015"
"0012","180911","2015"
"0012","180912","2015"
"0012","180913","2015"
"0014","180920","2015"
"0014","180921","2015"
"0014","180922","2015"
"0014","180923","2015"
"0014","180924","2015"
"0784","180942","2015"
"0784","180943","2015"
"0784","180944","2015"
"0784","180945","2015"
"0784","180946","2015"
"0784","180947","2015"
"0784","180948","2015"
"0784","180949","2015"
"0784","180950","2015"
"0784","180951","2015"
"0784","180952","2015"
"0784","180953","2015"
"0784","180954","2015"
"0073","181146","2015"
"0073","181147","2015"
"0073","181148","2015"
"0073","181149","2015"
"0642","181161","2015"
"0642","181162","2015"
"0642","181163","2015"
"0642","181164","2015"
"0642","181165","2015"
"0642","181166","2015"
"0642","181167","2015"
"0642","181168","2015"
"0642","181169","2015"
"0642","181170","2015"
"0642","181171","2015"
"0679","181375","2015"
"0679","181376","2015"
"0679","181377","2015"
"0679","181378","2015"
"0679","181379","2015"
"0679","181380","2015"
"0679","181381","2015"
"0401","181403","2015"
"0401","181404","2015"
"0401","181405","2015"
"0401","181406","2015"
"0401","181407","2015"
"0401","181408","2015"
"0401","181409","2015"
"0401","181410","2015"
"0401","181411","2015"
"0401","181412","2015"
"0401","181413","2015"
"0401","181414","2015"
"0401","181415","2015"
"0401","181416","2015"
"0401","181417","2015"
"0401","181418","2015"
"0539","181461","2015"
"0539","181462","2015"
"0539","181463","2015"
"0539","181464","2015"
"0539","181465","2015"
"0539","181466","2015"
"0217","181479","2015"
"0217","181480","2015"
"0217","181481","2015"
"0217","181482","2015"
"0217","181483","2015"
"0518","181509","2015"
"0518","181510","2015"
"0518","181511","2015"
"0518","181512","2015"
"0518","181513","2015"
"0518","181514","2015"
"0723","181515","2015"
"0723","181516","2015"
"0015","181523","2015"
"0015","181524","2015"
"0015","181525","2015"
"0015","181526","2015"
"0015","181527","2015"
"0015","181528","2015"
"0015","181529","2015"
"0015","181530","2015"
"0015","181531","2015"
"0015","181532","2015"
"0015","181533","2015"
"0015","181534","2015"
"0548","181584","2015"
"0548","181585","2015"
"0548","181586","2015"
"0548","181587","2015"
"0548","181588","2015"
"0548","181589","2015"
"0548","181590","2015"
"0548","181591","2015"
"0548","181592","2015"
"0548","181593","2015"
"0548","181594","2015"
"0548","181595","2015"
"0548","181596","2015"
"0548","181597","2015"
"0548","181598","2015"
"0548","181599","2015"
"0548","181600","2015"
"0548","181601","2015"
"0548","181602","2015"
"0548","181603","2015"
"0099","181661","2015"
"0099","181662","2015"
"0099","181663","2015"
"0099","181664","2015"
"0616","181675","2015"
"0616","181676","2015"
"0616","181677","2015"
"0616","181678","2015"
"0616","181679","2015"
"0616","181680","2015"
"0616","181681","2015"
"0059","181689","2015"
"0456","181713","2015"
"0456","181714","2015"
"0456","181715","2015"
"0456","181716","2015"
"0456","181717","2015"
"0456","181718","2015"
"0456","181719","2015"
"0456","181720","2015"
"0456","181721","2015"
"0456","181722","2015"
"0456","181723","2015"
"0456","181724","2015"
"0456","181725","2015"
"0456","181726","2015"
"0456","181727","2015"
"0456","181728","2015"
"0456","181729","2015"
"0456","181730","2015"
"0326","181731","2015"
"0326","181732","2015"
"0326","181733","2015"
"0300","181766","2015"
"0300","181767","2015"
"0300","181768","2015"
"0300","181769","2015"
"0300","181770","2015"
"0300","181771","2015"
"0300","181772","2015"
"0300","181773","2015"
"0300","181774","2015"
"0300","181775","2015"
"0300","181776","2015"
"0577","181783","2015"
"0577","181784","2015"
"0577","181785","2015"
"0577","181786","2015"
"0577","181787","2015"
"0577","181788","2015"
"0577","181789","2015"
"0577","181790","2015"
"0577","181791","2015"
"0577","181792","2015"
"0577","181793","2015"
"0577","181794","2015"
"0749","181835","2015"
"0749","181836","2015"
"0749","181837","2015"
"0749","181838","2015"
"0749","181839","2015"
"0749","181840","2015"
"0749","181841","2015"
"0749","181842","2015"
"0766","181850","2015"
"0340","181889","2015"
"0340","181890","2015"
"0179","182165","2015"
"0179","182166","2015"
"0179","182167","2015"
"0179","182168","2015"
"0179","182169","2015"
"0179","182170","2015"
"0179","182171","2015"
"0179","182172","2015"
"0179","182173","2015"
"0179","182174","2015"
"0179","182175","2015"
"0179","182176","2015"
"0637","182238","2015"
"0637","182239","2015"
"0637","182240","2015"
"0637","182241","2015"
"0449","182351","2015"
"0449","182352","2015"
"0449","182353","2015"
"0194","182412","2015"
"0194","182413","2015"
"0512","182442","2015"
"0512","182443","2015"
"0733","182444","2015"
"0733","182445","2015"
"0117","182610","2015"
"0371","182673","2015"
"0371","182674","2015"
"0371","182675","2015"
"0371","182676","2015"
"0311","182678","2015"
"0311","182679","2015"
"0311","182680","2015"
"0311","182681","2015"
"0311","182682","2015"
"0311","182683","2015"
"0311","182684","2015"
"0311","182685","2015"
"0311","182686","2015"
"0311","182687","2015"
"0311","182688","2015"
"0311","182689","2015"
"0198","182729","2015"
"0198","182730","2015"
"0198","182731","2015"
"0198","182732","2015"
"0259","182768","2015"
"0259","182769","2015"
"0259","182770","2015"
"0259","182771","2015"
"0184","182776","2015"
"0184","182777","2015"
"0184","182778","2015"
"0184","182779","2015"
"0184","182780","2015"
"0184","182781","2015"
"0184","182782","2015"
"0332","182798","2015"
"0332","182799","2015"
"0332","182800","2015"
"0332","182801","2015"
"0332","182802","2015"
"0332","182803","2015"
"0332","182804","2015"
"0332","182805","2015"
"0631","182809","2015"
"0631","182810","2015"
"0631","182811","2015"
"0329","182872","2015"
"0329","182873","2015"
"0329","182874","2015"
"0329","182875","2015"
"0329","182876","2015"
"0329","182877","2015"
"0329","182878","2015"
"0329","182879","2015"
"0329","182880","2015"
"0329","182881","2015"
"0329","182882","2015"
"0329","182883","2015"
"0329","182884","2015"
"0329","182885","2015"
"0329","182886","2015"
"0329","182887","2015"
"0329","182888","2015"
"0329","182889","2015"
"0329","182890","2015"
"0329","182891","2015"
"0410","182896","2015"
"0410","182897","2015"
"0410","182898","2015"
"0410","182899","2015"
"0410","182900","2015"
"0410","182901","2015"
"0410","182902","2015"
"0410","182903","2015"
"0410","182904","2015"
"0410","182905","2015"
"0410","182906","2015"
"0410","182907","2015"
"0533","182951","2015"
"0533","182952","2015"
"0503","183032","2015"
"0503","183033","2015"
"0503","183034","2015"
"0503","183035","2015"
"0016","183038","2015"
"0016","183039","2015"
"0016","183040","2015"
"0016","183041","2015"
"0016","183042","2015"
"0016","183043","2015"
"0016","183044","2015"
"0016","183045","2015"
"0016","183046","2015"
"0016","183047","2015"
"0016","183048","2015"
"0016","183049","2015"
"0016","183050","2015"
"0016","183051","2015"
"0016","183052","2015"
"0016","183053","2015"
"0011","183060","2015"
"0011","183061","2015"
"0011","183062","2015"
"0011","183063","2015"
"0011","183064","2015"
"0011","183065","2015"
"0011","183066","2015"
"0011","183067","2015"
"0011","183068","2015"
"0011","183069","2015"
"0011","183070","2015"
"0011","183071","2015"
"0049","183087","2015"
"0049","183088","2015"
"0049","183089","2015"
"0049","183090","2015"
"0049","183091","2015"
"0283","183152","2015"
"0063","183192","2015"
"0063","183193","2015"
"0405","183240","2015"
"0405","183241","2015"
"0405","183242","2015"
"0405","183243","2015"
"0674","183273","2015"
"0674","183274","2015"
"0674","183275","2015"
"0674","183276","2015"
"0674","183277","2015"
"0180","183375","2015"
"0180","183376","2015"
"0180","183377","2015"
"0180","183378","2015"
"0180","183379","2015"
"0029","183384","2015"
"0029","183385","2015"
"0029","183386","2015"
"0433","183408","2015"
"0654","183413","2015"
"0654","183414","2015"
"0654","183415","2015"
"0654","183416","2015"
"0654","183417","2015"
"0654","183418","2015"
"0654","183419","2015"
"0654","183420","2015"
"0183","183433","2015"
"0183","183434","2015"
"0183","183435","2015"
"0183","183436","2015"
"0183","183437","2015"
"0183","183438","2015"
"0183","183439","2015"
"0183","183440","2015"
"0183","183441","2015"
"0183","183442","2015"
"0183","183443","2015"
"0183","183444","2015"
"0183","183445","2015"
"0183","183446","2015"
"0183","183447","2015"
"0416","183467","2015"
"0416","183468","2015"
"0416","183469","2015"
"0416","183470","2015"
"0416","183471","2015"
"0416","183472","2015"
"0416","183473","2015"
"0416","183474","2015"
"0416","183475","2015"
"0416","183476","2015"
"0416","183477","2015"
"0416","183478","2015"
"0416","183479","2015"
"0120","183491","2015"
"0120","183492","2015"
"0120","183493","2015"
"0120","183494","2015"
"0120","183495","2015"
"0120","183496","2015"
"0120","183497","2015"
"0120","183498","2015"
"0120","183499","2015"
"0120","183500","2015"
"0120","183501","2015"
"0120","183502","2015"
"0120","183503","2015"
"0120","183504","2015"
"0120","183505","2015"
"0120","183506","2015"
"0120","183507","2015"
"0120","183508","2015"
"0120","183509","2015"
"0035","183526","2015"
"0035","183527","2015"
"0035","183528","2015"
"0035","183529","2015"
"0233","183542","2015"
"0233","183543","2015"
"0233","183544","2015"
"0100","183548","2015"
"0100","183549","2015"
"0100","183550","2015"
"0100","183551","2015"
"0100","183552","2015"
"0100","183553","2015"
"0100","183554","2015"
"0100","183555","2015"
"0100","183556","2015"
"0100","183557","2015"
"0100","183558","2015"
"0100","183559","2015"
"0100","183560","2015"
"0100","183561","2015"
"0100","183562","2015"
"0100","183563","2015"
"0212","183583","2015"
"0212","183584","2015"
"0212","183585","2015"
"0236","183692","2015"
"0236","183693","2015"
"0236","183694","2015"
"0236","183695","2015"
"0236","183696","2015"
"0236","183697","2015"
"0236","183698","2015"
"0567","183723","2015"
"0567","183724","2015"
"0567","183725","2015"
"0567","183726","2015"
"0301","183735","2015"
"0301","183736","2015"
"0301","183737","2015"
"0301","183738","2015"
"0301","183739","2015"
"0301","183740","2015"
"0301","183741","2015"
"0301","183742","2015"
"0301","183743","2015"
"0301","183744","2015"
"0301","183745","2015"
"0301","183746","2015"
"0459","183798","2015"
"0459","183799","2015"
"0363","183801","2015"
"0363","183802","2015"
"0363","183803","2015"
"0363","183804","2015"
"0363","183805","2015"
"0363","183806","2015"
"0363","183807","2015"
"0363","183808","2015"
"0363","183809","2015"
"0363","183810","2015"
"0363","183811","2015"
"0363","183812","2015"
"0363","183813","2015"
"0363","183814","2015"
"0363","183815","2015"
"0363","183816","2015"
"0363","183817","2015"
"0363","183818","2015"
"0363","183819","2015"
"0191","183825","2015"
"0191","183826","2015"
"0191","183827","2015"
"0191","183828","2015"
"0191","183829","2015"
"0191","183830","2015"
"0191","183831","2015"
"0191","183832","2015"
"0582","183860","2015"
"0582","183861","2015"
"0582","183862","2015"
"0582","183863","2015"
"0582","183864","2015"
"0582","183865","2015"
"0582","183866","2015"
"0582","183867","2015"
"0582","183868","2015"
"0048","183940","2015"
"0048","183941","2015"
"0048","183942","2015"
"0048","183943","2015"
"0048","183944","2015"
"0048","183945","2015"
"0048","183946","2015"
"0048","183947","2015"
"0048","183948","2015"
"0048","183949","2015"
"0048","183950","2015"
"0048","183951","2015"
"0048","183952","2015"
"0323","183991","2015"
"0323","183992","2015"
"0323","183993","2015"
"0323","183994","2015"
"0323","183995","2015"
"0323","183996","2015"
"0323","183997","2015"
"0323","183998","2015"
"0323","183999","2015"
"0323","184000","2015"
"0323","184001","2015"
"0323","184002","2015"
"0323","184003","2015"
"0323","184004","2015"
"0323","184005","2015"
"0323","184006","2015"
"0323","184007","2015"
"0323","184008","2015"
"0086","184009","2015"
"0086","184010","2015"
"0086","184011","2015"
"0086","184012","2015"
"0086","184013","2015"
"0808","184024","2015"
"0808","184025","2015"
"0808","184026","2015"
"0808","184027","2015"
"0808","184028","2015"
"0808","184029","2015"
"0808","184030","2015"
"0808","184031","2015"
"0265","184053","2015"
"0265","184054","2015"
"0265","184055","2015"
"0265","184056","2015"
"0265","184057","2015"
"0265","184058","2015"
"0038","184230","2015"
"0038","184231","2015"
"0038","184232","2015"
"0038","184233","2015"
"0038","184234","2015"
"0009","184247","2015"
"0009","184248","2015"
"0525","184251","2015"
"0525","184252","2015"
"0525","184253","2015"
"0525","184254","2015"
"0525","184255","2015"
"0350","184256","2015"
"0350","184257","2015"
"0350","184258","2015"
"0350","184259","2015"
"0350","184260","2015"
"0350","184261","2015"
"0350","184262","2015"
"0350","184263","2015"
"0350","184264","2015"
"0350","184265","2015"
"0350","184266","2015"
"0350","184267","2015"
"0453","184299","2015"
"0453","184300","2015"
"0453","184301","2015"
"0453","184302","2015"
"0258","184338","2015"
"0258","184339","2015"
"0258","184340","2015"
"0258","184341","2015"
"0258","184342","2015"
"0758","184361","2015"
"0758","184362","2015"
"0046","184377","2015"
"0046","184378","2015"
"0046","184379","2015"
"0046","184380","2015"
"0046","184381","2015"
"0046","184382","2015"
"0046","184383","2015"
"0046","184384","2015"
"0046","184385","2015"
"0206","184413","2015"
"0206","184414","2015"
"0206","184415","2015"
"0394","184421","2015"
"0394","184422","2015"
"0006","184445","2015"
"0006","184446","2015"
"0006","184447","2015"
"0006","184448","2015"
"0006","184449","2015"
"0006","184450","2015"
"0006","184451","2015"
"0006","184452","2015"
"0006","184453","2015"
"0006","184454","2015"
"0006","184455","2015"
"0006","184456","2015"
"0006","184457","2015"
"0006","184458","2015"
"0006","184459","2015"
"0006","184460","2015"
"0006","184461","2015"
"0006","184462","2015"
"0006","184463","2015"
"0006","184464","2015"
"0006","184465","2015"
"0006","184466","2015"
"0006","184467","2015"
"0006","184468","2015"
"0752","184478","2015"
"0752","184479","2015"
"0752","184480","2015"
"0027","184492","2015"
"0027","184493","2015"
"0027","184494","2015"
"0027","184495","2015"
"0027","184496","2015"
"0027","184497","2015"
"0027","184498","2015"
"0027","184499","2015"
"0027","184500","2015"
"0027","184501","2015"
"0027","184502","2015"
"0027","184503","2015"
"0027","184504","2015"
"0027","184505","2015"
"0027","184506","2015"
"0027","184507","2015"
"0027","184508","2015"
"0027","184509","2015"
"0027","184510","2015"
"0027","184511","2015"
"0027","184512","2015"
"0027","184513","2015"
"0027","184514","2015"
"0027","184515","2015"
"0058","184541","2015"
"0058","184542","2015"
"0058","184543","2015"
"0058","184544","2015"
"0058","184545","2015"
"0058","184546","2015"
"0058","184547","2015"
"0058","184548","2015"
"0058","184549","2015"
"0058","184550","2015"
"0741","184573","2015"
"0741","184574","2015"
"0741","184575","2015"
"0741","184576","2015"
"0696","184635","2015"
"0696","184636","2015"
"0196","184676","2015"
"0196","184677","2015"
"0196","184678","2015"
"0196","184679","2015"
"0196","184680","2015"
"0196","184681","2015"
"0023","184691","2015"
"0023","184692","2015"
"0023","184693","2015"
"0023","184694","2015"
"0023","184695","2015"
"0023","184696","2015"
"0614","184748","2015"
"0614","184749","2015"
"0614","184750","2015"
"0614","184751","2015"
"0614","184752","2015"
"0614","184753","2015"
"0614","184754","2015"
"0614","184755","2015"
"0614","184756","2015"
"0614","184757","2015"
"0614","184758","2015"
"0614","184759","2015"
"0614","184760","2015"
"0614","184761","2015"
"0614","184762","2015"
"0557","184775","2015"
"0557","184776","2015"
"0557","184777","2015"
"0557","184778","2015"
"0557","184779","2015"
"0557","184780","2015"
"0557","184781","2015"
"0557","184782","2015"
"0557","184783","2015"
"0557","184784","2015"
"0557","184785","2015"
"0557","184786","2015"
"0557","184787","2015"
"0557","184788","2015"
"0557","184789","2015"
"0557","184790","2015"
"0069","184791","2015"
"0069","184792","2015"
"0069","184793","2015"
"0069","184794","2015"
"0069","184795","2015"
"0069","184796","2015"
"0069","184797","2015"
"0069","184798","2015"
"0004","184810","2015"
"0004","184811","2015"
"0004","184812","2015"
"0004","184813","2015"
"0004","184814","2015"
"0004","184815","2015"
"0004","184816","2015"
"0004","184817","2015"
"0004","184818","2015"
"0004","184819","2015"
"0004","184820","2015"
"0004","184821","2015"
"0004","184822","2015"
"0004","184823","2015"
"0004","184824","2015"
"0004","184825","2015"
"0004","184826","2015"
"0004","184827","2015"
"0004","184828","2015"
"0004","184829","2015"
"0004","184830","2015"
"0004","184831","2015"
"0004","184832","2015"
"0004","184833","2015"
"0004","184834","2015"
"0004","184835","2015"
"0004","184836","2015"
"0004","184837","2015"
"0004","184838","2015"
"0004","184839","2015"
"0004","184840","2015"
"0004","184841","2015"
"0004","184842","2015"
"0004","184843","2015"
"0004","184844","2015"
"0004","184845","2015"
"0004","184846","2015"
"0004","184847","2015"
"0004","184848","2015"
"0004","184849","2015"
"0004","184850","2015"
"0004","184851","2015"
"0004","184852","2015"
"0284","184878","2015"
"0284","184879","2015"
"0284","184880","2015"
"0284","184881","2015"
"0284","184882","2015"
"0284","184883","2015"
"0284","184884","2015"
"0284","184885","2015"
"0284","184886","2015"
"0284","184887","2015"
"0284","184888","2015"
"0284","184889","2015"
"0085","184890","2015"
"0085","184891","2015"
"0085","184892","2015"
"0085","184893","2015"
"0223","184898","2015"
"0223","184899","2015"
"0223","184900","2015"
"0223","184901","2015"
"0075","184944","2015"
"0075","184945","2015"
"0075","184946","2015"
"0075","184947","2015"
"0075","184948","2015"
"0075","184949","2015"
"0075","184950","2015"
"0075","184951","2015"
"0019","184965","2015"
"0019","184966","2015"
"0019","184967","2015"
"0019","184968","2015"
"0019","184969","2015"
"0019","184970","2015"
"0019","184971","2015"
"0019","184972","2015"
"0019","184973","2015"
"0356","184974","2015"
"0356","184975","2015"
"0331","184990","2015"
"0331","184991","2015"
"0331","184992","2015"
"0331","184993","2015"
"0331","184994","2015"
"0331","184995","2015"
"0331","184996","2015"
"0331","184997","2015"
"0331","184998","2015"
"0331","184999","2015"
"0331","185000","2015"
"0331","185001","2015"
"0331","185002","2015"
"0331","185003","2015"
"0331","185004","2015"
"0331","185005","2015"
"0331","185006","2015"
"0331","185007","2015"
"0331","185008","2015"
"0291","185013","2015"
"0291","185014","2015"
"0291","185015","2015"
"0291","185016","2015"
"0291","185017","2015"
"0334","185087","2015"
"0334","185088","2015"
"0334","185089","2015"
"0334","185090","2015"
"0334","185091","2015"
"0334","185092","2015"
"0334","185093","2015"
"0334","185094","2015"
"0334","185095","2015"
"0077","185106","2015"
"0711","185110","2015"
"0031","185143","2015"
"0031","185144","2015"
"0031","185145","2015"
"0031","185146","2015"
"0031","185147","2015"
"0031","185148","2015"
"0360","185277","2015"
"0360","185278","2015"
"0360","185279","2015"
"0360","185280","2015"
"0360","185281","2015"
"0360","185282","2015"
"0360","185283","2015"
"0360","185284","2015"
"0360","185285","2015"
"0360","185286","2015"
"0360","185287","2015"
"0360","185288","2015"
"0360","185289","2015"
"0360","185290","2015"
"0360","185291","2015"
"0360","185292","2015"
"0360","185293","2015"
"0360","185294","2015"
"0360","185295","2015"
"0360","185296","2015"
"0360","185297","2015"
"0390","185298","2015"
"0390","185299","2015"
"0155","185448","2015"
"0155","185449","2015"
"0155","185450","2015"
"0155","185451","2015"
"0155","185452","2015"
"0155","185453","2015"
"0443","185469","2015"
"0443","185470","2015"
"0443","185471","2015"
"0443","185472","2015"
"0443","185473","2015"
"0443","185474","2015"
"0443","185475","2015"
"0443","185476","2015"
"0443","185477","2015"
"0443","185478","2015"
"0443","185479","2015"
"0443","185480","2015"
"0443","185481","2015"
"0443","185482","2015"
"0443","185483","2015"
"0443","185484","2015"
"0443","185485","2015"
"0443","185486","2015"
"0443","185487","2015"
"0443","185488","2015"
"0443","185489","2015"
"0222","185526","2015"
"0516","185530","2015"
"0516","185531","2015"
"0516","185532","2015"
"0516","185533","2015"
"0516","185534","2015"
"0516","185535","2015"
"0516","185536","2015"
"0516","185537","2015"
"0542","185682","2015"
"0542","185683","2015"
"0047","185723","2015"
"0047","185724","2015"
"0047","185725","2015"
"0047","185726","2015"
"0047","185727","2015"
"0047","185728","2015"
"0047","185729","2015"
"0501","185826","2015"
"0501","185827","2015"
"0501","185828","2015"
"0534","185880","2015"
"0534","185881","2015"
"0534","185882","2015"
"0534","185883","2015"
"0534","185884","2015"
"0534","185885","2015"
"0534","185886","2015"
"0534","185887","2015"
"0534","185888","2015"
"0534","185889","2015"
"0098","185920","2015"
"0098","185921","2015"
"0098","185922","2015"
"0098","185923","2015"
"0098","185924","2015"
"0098","185925","2015"
"0098","185926","2015"
"0098","185927","2015"
"0098","185928","2015"
"0098","185929","2015"
"0098","185930","2015"
"0098","185931","2015"
"0098","185932","2015"
"0098","185933","2015"
"0098","185934","2015"
"0098","185935","2015"
"0098","185936","2015"
"0540","186021","2015"
"0540","186022","2015"
"0540","186023","2015"
"0540","186024","2015"
"0540","186025","2015"
"0540","186026","2015"
"0540","186027","2015"
"0540","186028","2015"
"0076","186053","2015"
"0076","186054","2015"
"0076","186055","2015"
"0076","186056","2015"
"0076","186057","2015"
"0076","186058","2015"
"0076","186059","2015"
"0076","186060","2015"
"0076","186061","2015"
"0076","186062","2015"
"0169","186099","2015"
"0169","186100","2015"
"0169","186101","2015"
"0169","186102","2015"
"0376","186118","2015"
"0376","186119","2015"
"0376","186120","2015"
"0376","186121","2015"
"0376","186122","2015"
"0376","186123","2015"
"0025","186135","2015"
"0025","186136","2015"
"0025","186137","2015"
"0025","186138","2015"
"0025","186139","2015"
"0025","186140","2015"
"0025","186141","2015"
"0025","186142","2015"
"0025","186143","2015"
"0025","186144","2015"
"0025","186145","2015"
"0025","186146","2015"
"0025","186147","2015"
"0025","186148","2015"
"0025","186149","2015"
"0025","186150","2015"
"0025","186151","2015"
"0025","186152","2015"
"0025","186153","2015"
"0025","186154","2015"
"0681","186163","2015"
"0681","186164","2015"
"0681","186165","2015"
"0681","186166","2015"
"0681","186167","2015"
"0681","186168","2015"
"0681","186169","2015"
"0681","186170","2015"
"0681","186171","2015"
"0003","186200","2015"
"0003","186201","2015"
"0003","186202","2015"
"0003","186203","2015"
"0003","186204","2015"
"0003","186205","2015"
"0003","186206","2015"
"0395","186241","2015"
"0395","186242","2015"
"0499","186473","2015"
"0499","186474","2015"
"0499","186475","2015"
"0499","186476","2015"
"0499","186477","2015"
"0499","186478","2015"
"0499","186479","2015"
"0499","186480","2015"
"0499","186481","2015"
"0237","186504","2015"
"0237","186505","2015"
"0237","186506","2015"
"0237","186507","2015"
"0237","186508","2015"
"0237","186509","2015"
"0237","186510","2015"
"0237","186511","2015"
"0237","186512","2015"
"0237","186513","2015"
"0237","186514","2015"
"0237","186515","2015"
"0237","186516","2015"
"0237","186517","2015"
"0237","186518","2015"
"0237","186519","2015"
"0064","186545","2015"
"0064","186546","2015"
"0189","186708","2015"
"0189","186709","2015"
"0189","186710","2015"
"0189","186711","2015"
"0189","186712","2015"
"0189","186713","2015"
"0189","186714","2015"
"0189","186715","2015"
"0189","186716","2015"
"0532","186815","2015"
"0055","186869","2015"
"0055","186870","2015"
"0055","186871","2015"
"0055","186872","2015"
"0055","186873","2015"
"0055","186874","2015"
"0055","186875","2015"
"0055","186876","2015"
"0055","186877","2015"
"0055","186878","2015"
"0055","186879","2015"
"0055","186880","2015"
"0392","186897","2015"
"0392","186898","2015"
"0392","186899","2015"
"0392","186900","2015"
"0392","186901","2015"
"0392","186902","2015"
"0446","186966","2015"
"0446","186967","2015"
"0446","186968","2015"
"0446","186969","2015"
"0446","186970","2015"
"0446","186971","2015"
"0446","186972","2015"
"0446","186973","2015"
"0446","186974","2015"
"0446","186975","2015"
"0446","186976","2015"
"0446","186977","2015"
"0446","186978","2015"
"0446","186979","2015"
"0446","186980","2015"
"0446","186981","2015"
"0446","186982","2015"
"0446","186983","2015"
"0072","186997","2015"
"0072","186998","2015"
"0072","186999","2015"
"0072","187000","2015"
"0072","187001","2015"
"0072","187002","2015"
"0072","187003","2015"
"0017","187022","2015"
"0017","187023","2015"
"0748","187066","2015"
"0748","187067","2015"
"0403","187081","2015"
"0403","187082","2015"
"0600","187155","2015"
"0600","187156","2015"
"0605","187160","2015"
"0613","187368","2015"
"0613","187369","2015"
"0613","187370","2015"
"0613","187371","2015"
"0248","187410","2015"
"0248","187411","2015"
"0248","187412","2015"
"0248","187413","2015"
"0248","187414","2015"
"0397","187421","2015"
"0397","187422","2015"
"0397","187423","2015"
"0544","187460","2015"
"0544","187461","2015"
"0068","187548","2015"
"0068","187549","2015"
"0068","187550","2015"
"0068","187551","2015"
"0271","187597","2015"
"0271","187598","2015"
"0271","187599","2015"
"0271","187600","2015"
"0271","187601","2015"
"0271","187602","2015"
"0214","187754","2015"
"0214","187755","2015"
"0214","187756","2015"
"0214","187757","2015"
"0214","187758","2015"
"0214","187759","2015"
"0214","187760","2015"
"0214","187761","2015"
"0214","187762","2015"
"0391","187769","2015"
"0391","187770","2015"
"0391","187771","2015"
"0391","187772","2015"
"0391","187773","2015"
"0391","187774","2015"
"0391","187775","2015"
"0391","187776","2015"
"0391","187777","2015"
"0391","187778","2015"
"0391","187779","2015"
"0391","187780","2015"
"0391","187781","2015"
"0391","187782","2015"
"0391","187783","2015"
"0391","187784","2015"
"0391","187785","2015"
"0391","187786","2015"
"0391","187787","2015"
"0391","187788","2015"
"0391","187789","2015"
"0391","187790","2015"
"0391","187791","2015"
"0391","187792","2015"
"0391","187793","2015"
"0391","187794","2015"
"0391","187795","2015"
"0391","187796","2015"
"0391","187797","2015"
"0815","187901","2015"
"0043","188092","2015"
"0043","188093","2015"
"0381","188301","2015"
"0381","188302","2015"
"0381","188303","2015"
"0381","188304","2015"
"0381","188305","2015"
"0381","188306","2015"
"0381","188307","2015"
"0381","188308","2015"
"0685","188543","2015"
"0685","188544","2015"
"0745","188664","2015"
"0417","188701","2015"
"0417","188702","2015"
"0417","188703","2015"
"0417","188704","2015"
"0417","188705","2015"
"0417","188706","2015"
"0417","188707","2015"
"0417","188708","2015"
"0417","188709","2015"
"0417","188710","2015"
"0811","188717","2015"
"0811","188718","2015"
"0811","188719","2015"
"0811","188720","2015"
"0811","188721","2015"
"0811","188722","2015"
"0811","188723","2015"
"0816","188796","2015"
"0816","188797","2015"
"0688","188944","2015"
"0688","188945","2015"
"0688","188946","2015"
"0688","188947","2015"
"0619","188956","2015"
"0619","188957","2015"
"0619","188958","2015"
"0619","188959","2015"
"0619","188960","2015"
"0619","188961","2015"
"0619","188962","2015"
"0530","188974","2015"
"0530","188975","2015"
"0530","188976","2015"
"0530","188977","2015"
"0530","188978","2015"
"0530","188979","2015"
"0530","188980","2015"
"0530","188981","2015"
"0530","188982","2015"
"0530","188983","2015"
"0530","188984","2015"
"0530","188985","2015"
"0004","188986","2015"
"0185","189038","2015"
"0185","189039","2015"
"0611","189040","2015"
"0611","189041","2015"
"0611","189042","2015"
"0611","189043","2015"
"0062","189174","2015"
"0062","189175","2015"
"0062","189176","2015"
"0062","189177","2015"
"0062","189178","2015"
"0062","189179","2015"
"0414","189194","2015"
"0414","189195","2015"
"0414","189196","2015"
"0414","189197","2015"
"0414","189198","2015"
"0414","189199","2015"
"0414","189200","2015"
"0414","189201","2015"
"0414","189202","2015"
"0414","189203","2015"
"0414","189204","2015"
"0389","189223","2015"
"0389","189224","2015"
"0389","189225","2015"
"0389","189226","2015"
"0389","189227","2015"
"0389","189228","2015"
"0389","189229","2015"
"0389","189230","2015"
"0389","189231","2015"
"0389","189232","2015"
"0389","189233","2015"
"0389","189234","2015"
"0389","189235","2015"
"0389","189236","2015"
"0389","189237","2015"
"0389","189238","2015"
"0389","189239","2015"
"0389","189240","2015"
"0389","189241","2015"
"0389","189242","2015"
"0389","189243","2015"
"0389","189244","2015"
"0389","189245","2015"
"0389","189246","2015"
"0389","189247","2015"
"0389","189248","2015"
"0389","189249","2015"
"0389","189250","2015"
"0389","189251","2015"
"0389","189252","2015"
"0389","189253","2015"
"0389","189254","2015"
"0199","189296","2015"
"0199","189297","2015"
"0199","189298","2015"
"0671","189300","2015"
"0671","189301","2015"
"0671","189302","2015"
"0024","189326","2015"
"0024","189327","2015"
"0024","189328","2015"
"0024","189329","2015"
"0024","189330","2015"
"0024","189331","2015"
"0024","189332","2015"
"0024","189333","2015"
"0024","189334","2015"
"0024","189335","2015"
"0333","189345","2015"
"0333","189346","2015"
"0465","189417","2015"
"0465","189418","2015"
"0465","189419","2015"
"0465","189420","2015"
"0465","189421","2015"
"0398","189476","2015"
"0398","189477","2015"
"0398","189478","2015"
"0398","189479","2015"
"0101","189529","2015"
"0101","189530","2015"
"0101","189531","2015"
"0101","189532","2015"
"0101","189533","2015"
"0101","189534","2015"
"0101","189535","2015"
"0101","189536","2015"
"0101","189537","2015"
"0188","189544","2015"
"0188","189545","2015"
"0050","189569","2015"
"0050","189570","2015"
"0050","189571","2015"
"0050","189572","2015"
"0050","189573","2015"
"0050","189574","2015"
"0050","189575","2015"
"0050","189576","2015"
"0050","189577","2015"
"0779","189578","2015"
"0779","189579","2015"
"0269","189646","2015"
"0269","189647","2015"
"0269","189648","2015"
"0269","189649","2015"
"0269","189650","2015"
"0176","189838","2015"
"0176","189839","2015"
"0176","189840","2015"
"0176","189841","2015"
"0427","189948","2015"
"0427","189949","2015"
"0427","189950","2015"
"0427","189951","2015"
"0427","189952","2015"
"0427","189953","2015"
"0675","189962","2015"
"0675","189963","2015"
"0675","189964","2015"
"0675","189965","2015"
"0022","190032","2015"
"0022","190033","2015"
"0022","190034","2015"
"0033","190039","2015"
"0033","190040","2015"
"0413","190068","2015"
"0413","190069","2015"
"0413","190070","2015"
"0413","190071","2015"
"0413","190072","2015"
"0413","190073","2015"
"0413","190074","2015"
"0042","190096","2015"
"0042","190097","2015"
"0042","190098","2015"
"0042","190099","2015"
"0042","190100","2015"
"0042","190101","2015"
"0042","190102","2015"
"0042","190103","2015"
"0042","190104","2015"
"0042","190105","2015"
"0042","190106","2015"
"0042","190107","2015"
"0042","190108","2015"
"0042","190109","2015"
"0042","190110","2015"
"0042","190111","2015"
"0042","190112","2015"
"0042","190113","2015"
"0042","190114","2015"
"0042","190115","2015"
"0042","190116","2015"
"0042","190117","2015"
"0004","190135","2015"
"0004","190136","2015"
"0065","190265","2015"
"0065","190266","2015"
"0065","190267","2015"
"0065","190268","2015"
"0065","190269","2015"
"0584","190292","2015"
"0584","190293","2015"
"0584","190294","2015"
"0584","190295","2015"
"0584","190296","2015"
"0584","190297","2015"
"0584","190298","2015"
"0584","190299","2015"
"0584","190300","2015"
"0584","190301","2015"
"0584","190302","2015"
"0584","190303","2015"
"0584","190304","2015"
"0584","190305","2015"
"0584","190306","2015"
"0584","190307","2015"
"0584","190308","2015"
"0246","190339","2015"
"0246","190340","2015"
"0246","190341","2015"
"0246","190342","2015"
"0246","190343","2015"
"0246","190344","2015"
"0246","190345","2015"
"0246","190346","2015"
"0246","190347","2015"
"0246","190348","2015"
"0246","190349","2015"
"0246","190350","2015"
"0246","190351","2015"
"0246","190352","2015"
"0246","190353","2015"
"0246","190354","2015"
"0246","190355","2015"
"0246","190356","2015"
"0246","190357","2015"
"0246","190358","2015"
"0246","190359","2015"
"0170","190424","2015"
"0170","190425","2015"
"0409","190569","2015"
"0409","190570","2015"
"0716","190642","2015"
"0716","190643","2015"
"0393","190678","2015"
"0393","190679","2015"
"0393","190680","2015"
"0393","190681","2015"
"0393","190682","2015"
"0393","190683","2015"
"0162","190734","2015"
"0162","190735","2015"
"0162","190736","2015"
"0162","190737","2015"
"0162","190738","2015"
"0162","190739","2015"
"0162","190740","2015"
"0162","190741","2015"
"0161","190858","2015"
"0161","190859","2015"
"0161","190860","2015"
"0161","190861","2015"
"0161","190862","2015"
"0161","190863","2015"
"0161","190864","2015"
"0760","190876","2015"
"0760","190877","2015"
"0632","190923","2015"
"0632","190924","2015"
"0632","190925","2015"
"0632","190926","2015"
"0632","190927","2015"
"0632","190928","2015"
"0632","190929","2015"
"0632","190930","2015"
"0632","190931","2015"
"0632","190932","2015"
"0632","190933","2015"
"0632","190934","2015"
"0632","190935","2015"
"0524","191011","2015"
"0524","191012","2015"
"0524","191013","2015"
"0524","191014","2015"
"0524","191015","2015"
"0524","191016","2015"
"0524","191017","2015"
"0524","191018","2015"
"0524","191019","2015"
"0524","191020","2015"
"0524","191021","2015"
"0524","191022","2015"
"0524","191023","2015"
"0524","191024","2015"
"0524","191025","2015"
"0524","191026","2015"
"0348","191042","2015"
"0348","191043","2015"
"0452","191092","2015"
"0247","191121","2015"
"0247","191122","2015"
"0247","191123","2015"
"0247","191124","2015"
"0247","191125","2015"
"0187","191166","2015"
"0187","191167","2015"
"0264","191203","2015"
"0264","191204","2015"
"0264","191205","2015"
"0264","191206","2015"
"0228","191268","2015"
"0228","191269","2015"
"0472","191292","2015"
"0472","191293","2015"
"0107","191332","2015"
"0107","191333","2015"
"0107","191334","2015"
"0107","191335","2015"
"0107","191336","2015"
"0107","191337","2015"
"0107","191338","2015"
"0407","191625","2015"
"0407","191626","2015"
"0407","191627","2015"
"0407","191628","2015"
"0407","191629","2015"
"0407","191630","2015"
"0407","191631","2015"
"0407","191632","2015"
"0407","191633","2015"
"0407","191634","2015"
"0407","191635","2015"
"0407","191636","2015"
"0407","191637","2015"
"0407","191638","2015"
"0407","191639","2015"
"0407","191640","2015"
"0655","191787","2015"
"0655","191788","2015"
"0655","191789","2015"
"0656","191812","2015"
"0656","191813","2015"
"0656","191814","2015"
"0280","191815","2015"
"0280","191816","2015"
"0280","191817","2015"
"0280","191818","2015"
"0280","191819","2015"
"0159","191882","2015"
"0159","191883","2015"
"0159","191884","2015"
"0159","191885","2015"
"0159","191886","2015"
"0159","191887","2015"
"0159","191888","2015"
"0159","191889","2015"
"0159","191890","2015"
"0159","191891","2015"
"0159","191892","2015"
"0159","191893","2015"
"0109","191900","2015"
"0109","191901","2015"
"0109","191902","2015"
"0109","191903","2015"
"0109","191904","2015"
"0109","191905","2015"
"0109","191906","2015"
"0109","191907","2015"
"0109","191908","2015"
"0109","191909","2015"
"0109","191910","2015"
"0109","191911","2015"
"0109","191912","2015"
"0109","191913","2015"
"0109","191914","2015"
"0109","191915","2015"
"0109","191916","2015"
"0109","191917","2015"
"0319","191973","2015"
"0319","191974","2015"
"0319","191975","2015"
"0319","191976","2015"
"0319","191977","2015"
"0319","191978","2015"
"0319","191979","2015"
"0319","191980","2015"
"0319","191981","2015"
"0319","191982","2015"
"0319","191983","2015"
"0319","191984","2015"
"0319","191985","2015"
"0319","191986","2015"
"0319","191987","2015"
"0319","191988","2015"
"0357","192035","2015"
"0357","192036","2015"
"0357","192037","2015"
"0357","192038","2015"
"0357","192039","2015"
"0357","192040","2015"
"0357","192041","2015"
"0357","192042","2015"
"0357","192043","2015"
"0357","192044","2015"
"0550","192055","2015"
"0550","192056","2015"
"0550","192057","2015"
"0550","192058","2015"
"0550","192059","2015"
"0550","192060","2015"
"0550","192061","2015"
"0652","192078","2015"
"0652","192079","2015"
"0652","192080","2015"
"0652","192081","2015"
"0053","192089","2015"
"0053","192090","2015"
"0053","192091","2015"
"0053","192092","2015"
"0053","192093","2015"
"0053","192094","2015"
"0053","192095","2015"
"0053","192096","2015"
"0053","192097","2015"
"0053","192098","2015"
"0053","192099","2015"
"0053","192100","2015"
"0053","192101","2015"
"0277","192102","2015"
"0277","192103","2015"
"0277","192104","2015"
"0277","192105","2015"
"0277","192106","2015"
"0277","192107","2015"
"0277","192108","2015"
"0277","192109","2015"
"0277","192110","2015"
"0277","192111","2015"
"0277","192112","2015"
"0277","192113","2015"
"0362","192141","2015"
"0362","192142","2015"
"0362","192143","2015"
"0362","192144","2015"
"0362","192145","2015"
"0362","192146","2015"
"0362","192147","2015"
"0362","192148","2015"
"0362","192149","2015"
"0362","192150","2015"
"0383","192163","2015"
"0383","192164","2015"
"0383","192165","2015"
"0383","192166","2015"
"0383","192167","2015"
"0383","192168","2015"
"0383","192169","2015"
"0383","192170","2015"
"0383","192171","2015"
"0383","192172","2015"
"0383","192173","2015"
"0383","192174","2015"
"0383","192175","2015"
"0383","192176","2015"
"0383","192177","2015"
"0383","192178","2015"
"0383","192179","2015"
"0307","192180","2015"
"0200","192222","2015"
"0200","192223","2015"
"0200","192224","2015"
"0200","192225","2015"
"0279","192261","2015"
"0279","192262","2015"
"0279","192263","2015"
"0279","192264","2015"
"0279","192265","2015"
"0279","192266","2015"
"0279","192267","2015"
"0114","192281","2015"
"0684","192301","2015"
"0684","192302","2015"
"0684","192303","2015"
"0684","192304","2015"
"0684","192305","2015"
"0684","192306","2015"
"0684","192307","2015"
"0677","192343","2015"
"0677","192344","2015"
"0677","192345","2015"
"0677","192346","2015"
"0721","192393","2015"
"0721","192394","2015"
"0492","192402","2015"
"0492","192403","2015"
"0492","192404","2015"
"0492","192405","2015"
"0492","192406","2015"
"0492","192407","2015"
"0492","192408","2015"
"0492","192409","2015"
"0492","192410","2015"
"0492","192411","2015"
"0306","192506","2015"
"0306","192507","2015"
"0306","192508","2015"
"0306","192509","2015"
"0306","192510","2015"
"0306","192511","2015"
"0306","192512","2015"
"0306","192513","2015"
"0306","192514","2015"
"0306","192515","2015"
"0306","192516","2015"
"0306","192517","2015"
"0306","192518","2015"
"0306","192519","2015"
"0306","192520","2015"
"0306","192521","2015"
"0306","192522","2015"
"0306","192523","2015"
"0306","192524","2015"
"0306","192525","2015"
"0306","192526","2015"
"0321","192564","2015"
"0321","192565","2015"
"0606","192578","2015"
"0606","192579","2015"
"0606","192580","2015"
"0399","192683","2015"
"0399","192684","2015"
"0399","192685","2015"
"0399","192686","2015"
"0399","192687","2015"
"0399","192688","2015"
"0399","192689","2015"
"0399","192690","2015"
"0399","192691","2015"
"0399","192692","2015"
"0399","192693","2015"
"0399","192694","2015"
"0286","192704","2015"
"0286","192705","2015"
"0286","192706","2015"
"0276","192707","2015"
"0276","192708","2015"
"0276","192709","2015"
"0276","192710","2015"
"0266","192780","2015"
"0266","192781","2015"
"0266","192782","2015"
"0041","192821","2015"
"0041","192822","2015"
"0041","192823","2015"
"0041","192824","2015"
"0041","192825","2015"
"0158","192834","2015"
"0158","192835","2015"
"0789","192873","2015"
"0789","192874","2015"
"0755","192912","2015"
"0755","192913","2015"
"0643","192919","2015"
"0643","192920","2015"
"0742","192970","2015"
"0742","192971","2015"
"0743","193006","2015"
"0478","193023","2015"
"0478","193024","2015"
"0478","193025","2015"
"0478","193026","2015"
"0682","193059","2015"
"0682","193060","2015"
"0682","193061","2015"
"0166","193087","2015"
"0166","193088","2015"
"0166","193089","2015"
"0408","193142","2015"
"0408","193143","2015"
"0106","193149","2015"
"0698","193150","2015"
"0698","193151","2015"
"0317","193170","2015"
"0317","193171","2015"
"0317","193172","2015"
"0317","193173","2015"
"0317","193174","2015"
"0317","193175","2015"
"0317","193176","2015"
"0317","193177","2015"
"0317","193178","2015"
"0317","193179","2015"
"0317","193180","2015"
"0317","193181","2015"
"0317","193182","2015"
"0317","193183","2015"
"0818","193326","2015"
"0818","193327","2015"
"0818","193328","2015"
"0818","193329","2015"
"0818","193330","2015"
"0204","193365","2015"
"0204","193366","2015"
"0204","193367","2015"
"0204","193368","2015"
"0204","193369","2015"
"0204","193370","2015"
"0204","193371","2015"
"0204","193372","2015"
"0204","193373","2015"
"0204","193374","2015"
"0204","193375","2015"
"0204","193376","2015"
"0204","193377","2015"
"0204","193378","2015"
"0204","193379","2015"
"0204","193380","2015"
"0204","193381","2015"
"0204","193382","2015"
"0204","193383","2015"
"0207","193384","2015"
"0207","193385","2015"
"0207","193386","2015"
"0207","193387","2015"
"0207","193388","2015"
"0207","193389","2015"
"0207","193390","2015"
"0207","193391","2015"
"0207","193392","2015"
"0207","193393","2015"
"0207","193394","2015"
"0207","193395","2015"
"0207","193396","2015"
"0740","193434","2015"
"0740","193435","2015"
"0174","193450","2015"
"0174","193451","2015"
"0174","193452","2015"
"0174","193453","2015"
"0174","193454","2015"
"0163","193469","2015"
"0163","193470","2015"
"0163","193471","2015"
"0163","193472","2015"
"0293","193480","2015"
"0293","193481","2015"
"0293","193482","2015"
"0116","193487","2015"
"0116","193488","2015"
"0116","193489","2015"
"0388","193511","2015"
"0388","193512","2015"
"0388","193513","2015"
"0388","193514","2015"
"0388","193515","2015"
"0388","193516","2015"
"0388","193517","2015"
"0388","193518","2015"
"0646","193519","2015"
"0646","193520","2015"
"0712","193589","2015"
"0762","193607","2015"
"0762","193608","2015"
"0762","193609","2015"
"0770","193660","2015"
"0770","193661","2015"
"0770","193662","2015"
"0722","193666","2015"
"0722","193667","2015"
"0666","193701","2015"
"0666","193702","2015"
"0666","193703","2015"
"0302","193706","2015"
"0302","193707","2015"
"0302","193708","2015"
"0302","193709","2015"
"0302","193710","2015"
"0302","193711","2015"
"0302","193712","2015"
"0302","193713","2015"
"0302","193714","2015"
"0302","193715","2015"
"0168","193755","2015"
"0168","193756","2015"
"0168","193757","2015"
"0168","193758","2015"
"0168","193759","2015"
"0168","193760","2015"
"0168","193761","2015"
"0168","193762","2015"
"0168","193763","2015"
"0168","193764","2015"
"0168","193765","2015"
"0168","193766","2015"
"0203","193839","2015"
"0203","193840","2015"
"0203","193841","2015"
"0203","193842","2015"
"0203","193843","2015"
"0203","193844","2015"
"0203","193845","2015"
"0203","193846","2015"
"0203","193847","2015"
"0203","193848","2015"
"0203","193849","2015"
"0203","193850","2015"
"0203","193851","2015"
"0203","193852","2015"
"0203","193853","2015"
"0203","193854","2015"
"0795","193918","2015"
"0795","193919","2015"
"0205","193970","2015"
"0205","193971","2015"
"0205","193972","2015"
"0205","193973","2015"
"0205","193974","2015"
"0205","193975","2015"
"0205","193976","2015"
"0205","193977","2015"
"0330","193978","2015"
"0330","193979","2015"
"0330","193980","2015"
"0379","194133","2015"
"0379","194134","2015"
"0379","194135","2015"
"0379","194136","2015"
"0171","194185","2015"
"0171","194186","2015"
"0171","194187","2015"
"0171","194188","2015"
"0171","194189","2015"
"0171","194190","2015"
"0171","194191","2015"
"0341","194208","2015"
"0341","194209","2015"
"0341","194210","2015"
"0341","194211","2015"
"0341","194212","2015"
"0341","194213","2015"
"0341","194214","2015"
"0341","194215","2015"
"0341","194216","2015"
"0341","194217","2015"
"0341","194218","2015"
"0341","194219","2015"
"0341","194220","2015"
"0341","194221","2015"
"0341","194222","2015"
"0341","194223","2015"
"0341","194224","2015"
"0341","194225","2015"
"0341","194226","2015"
"0341","194227","2015"
"0341","194228","2015"
"0341","194229","2015"
"0802","194291","2015"
"0802","194292","2015"
"0710","194319","2015"
"0732","194347","2015"
"0732","194348","2015"
"0732","194349","2015"
"0732","194350","2015"
"0732","194351","2015"
"0732","194352","2015"
"0732","194353","2015"
"0732","194354","2015"
"0732","194355","2015"
"0517","194356","2015"
"0517","194357","2015"
"0517","194358","2015"
"0517","194359","2015"
"0517","194360","2015"
"0517","194361","2015"
"0517","194362","2015"
"0517","194363","2015"
"0517","194364","2015"
"0517","194365","2015"
"0517","194366","2015"
"0517","194367","2015"
