"id","count_by_category_id"
"15838","5365334"
"14135","4853186"
"12831","4483296"
"12310","4316316"
"12752","4463495"
"12785","4471756"
"13893","4782369"
"14585","4987772"
"13147","4576153"
"13733","4737948"
"14507","4965363"
"13331","4620195"
"16298","5515857"
"14837","5066595"
"14809","5058753"
"12338","4322012"
"16703","5624426"
"13913","4787139"
"16633","5588371"
"14724","5035506"
"13502","4670567"
"12217","4285657"
"12737","4453694"
"14963","5104493"
"14261","4890813"
"13009","4533283"
"14923","5094241"
"15188","5183677"
"14328","4911945"
"13362","4628543"
"13012","4533558"
"16155","5472482"
"12244","4296491"
"12365","4329993"
"12932","4512475"
"15609","5312772"
"15834","5364917"
"12377","4335034"
"12423","4354211"
"13006","4532993"
"14187","4869586"
"12184","4273461"
"13116","4566808"
"12952","4517779"
"13275","4608625"
"13773","4751310"
"12640","4419723"
"13278","4610008"
"15361","5243989"
"16321","5523384"
"13356","4626882"
"14814","5060369"
"13626","4708246"
"12315","4317142"
"15423","5260731"
"13447","4653423"
"13688","4724137"
"14919","5092817"
"14921","5093497"
"13950","4800091"
"13729","4735973"
"13745","4740826"
"12652","4423329"
"15425","5261543"
"13382","4633623"
"15093","5155305"
"14619","5001504"
"16051","5439323"
"16626","5582800"
"13841","4768517"
"14698","5029576"
"14104","4844255"
"15709","5329961"
"16609","5578188"
"12818","4479469"
"13544","4685546"
"14701","5029860"
"14291","4900363"
"12297","4313929"
"14972","5110827"
"16106","5456065"
"13979","4807677"
"14847","5071054"
"15820","5360226"
"13412","4644250"
"12920","4510246"
"12928","4511214"
"13756","4745307"
"14789","5051735"
"13849","4770999"
"15341","5236508"
"15100","5157197"
"15221","5192511"
"16571","5563948"
"12433","4359625"
"12648","4422124"
"14210","4874548"
"15280","5220449"
"14712","5031978"
"13247","4601953"
"13788","4754167"
"13527","4681263"
"14083","4837760"
"14332","4913064"
"14403","4932713"
"14295","4901194"
"14118","4846710"
"16308","5520290"
"14593","4990371"
"13446","4653215"
"16408","5547428"
"15190","5183822"
"12240","4295650"
"15480","5278507"
"15981","5415275"
"12830","4482959"
"15471","5275401"
"13090","4560945"
"14594","4990764"
"12608","4407805"
"13635","4709635"
"16084","5449298"
"13324","4618736"
"13419","4645561"
"13500","4670025"
"15060","5147618"
"16383","5541208"
"12558","4393369"
"13182","4586796"
"12679","4438128"
"13821","4761742"
"15380","5248002"
"14042","4828206"
"15832","5364337"
"12545","4391506"
"13195","4589715"
"13336","4622799"
"13489","4667288"
"14219","4876904"
"14447","4943782"
"15189","5183696"
"12329","4319842"
"15442","5267152"
"15293","5223428"
"12556","4393212"
"14510","4965823"
"16034","5432624"
"13762","4747438"
"16201","5486312"
"13205","4592196"
"15214","5188711"
"13285","4611403"
"13084","4559376"
"15728","5335063"
"16302","5519620"
"15899","5382676"
"13025","4537564"
"13023","4537270"
"15906","5383793"
"12749","4462853"
"14954","5101477"
"14377","4925539"
"15819","5360075"
"14224","4878612"
"13953","4800550"
"16607","5578097"
"13638","4710389"
"15943","5401391"
"16566","5563021"
"16070","5445089"
"14285","4897463"
"12958","4518631"
"12936","4514612"
"14114","4846101"
"13396","4636640"
"13579","4696020"
"16048","5438207"
"12220","4287146"
"14861","5076871"
"13772","4750948"
"14236","4881388"
"13239","4600061"
"13345","4625076"
"12124","4253659"
"14385","4926565"
"13740","4739778"
"15364","5244775"
"14199","4872576"
"12868","4494896"
"14805","5057977"
"12285","4307701"
"13665","4718432"
"13667","4719235"
"16644","5591376"
"12291","4312557"
"14348","4918152"
"15348","5238297"
"16573","5564254"
"12580","4400027"
"13613","4706475"
"13080","4556742"
"13421","4647194"
"14371","4924102"
"14863","5077919"
"15484","5283088"
"14486","4955405"
"12232","4291045"
"14614","5000109"
"12517","4382072"
"12768","4468086"
"16701","5624240"
"14292","4900596"
"15223","5192878"
"12306","4315480"
"12581","4400140"
"13799","4756596"
"15502","5286594"
"16154","5472377"
"16661","5598824"
"14264","4891167"
"15009","5125149"
"13206","4592250"
"14159","4859129"
"14482","4954618"
"16595","5573489"
"13607","4705172"
"14487","4955984"
"15521","5292978"
"15114","5161746"
"13908","4785790"
"12765","4466739"
"14722","5035125"
"13608","4705474"
"14783","5050683"
"16614","5578862"
"14378","4925595"
"14258","4890626"
"15356","5242302"
"12825","4482061"
"13801","4757145"
"14741","5040989"
"12751","4463455"
"14072","4836060"
"13507","4673028"
"12761","4465323"
"13403","4638584"
"15254","5203959"
"15253","5203493"
"12392","4338940"
"13235","4599255"
"14920","5093449"
"15669","5320938"
"12672","4429213"
"13424","4647608"
"14918","5092753"
"12821","4479930"
"14262","4890924"
"15930","5392221"
"15287","5221544"
"15448","5269032"
"15372","5246152"
"15392","5252111"
"15520","5292917"
"15259","5207694"
"12851","4488972"
"14010","4819155"
"15891","5380590"
"12603","4406760"
"15094","5155408"
"14986","5117505"
"14899","5087659"
"15829","5362809"
"16417","5551846"
"14200","4872908"
"13499","4670003"
"16692","5610796"
"12794","4473458"
"12805","4475019"
"14449","4944268"
"12435","4360103"
"16334","5528000"
"13322","4618507"
"14764","5046734"
"13711","4731182"
"14687","5026956"
"12742","4460164"
"16318","5522932"
"16174","5479890"
"12897","4504889"
"15376","5246943"
"14925","5094536"
"15946","5401757"
"16594","5573358"
"16563","5561209"
"13071","4551495"
"14325","4911471"
"16312","5521688"
"16196","5484593"
"12734","4453396"
"13392","4635943"
"15187","5183648"
"14163","4859682"
"13150","4576618"
"13891","4782080"
"12085","4244705"
"14576","4984351"
"14606","4995903"
"12171","4267401"
"16672","5602629"
"12641","4419767"
"13676","4721808"
"12427","4356356"
"16049","5438793"
"16113","5457343"
"16175","5480121"
"14652","5019249"
"13562","4690532"
"12989","4528667"
"12798","4474122"
"13262","4604639"
"13647","4712637"
"15360","5243427"
"16624","5582365"
"13980","4807725"
"15196","5184821"
"12570","4397090"
"13020","4536501"
"13851","4771868"
"13723","4734482"
"14299","4902316"
"15973","5412654"
"16670","5601058"
"15708","5329758"
"15749","5341307"
"12839","4485874"
"13167","4581423"
"13292","4612943"
"12156","4260954"
"13471","4661658"
"12767","4467769"
"13281","4611003"
"16411","5548019"
"13942","4796024"
"13164","4580374"
"14527","4968910"
"16650","5594719"
"12792","4472958"
"14697","5029275"
"15516","5292056"
"14162","4859621"
"15593","5300247"
"13739","4739760"
"13113","4566114"
"14450","4944767"
"14448","4944196"
"15606","5309070"
"12518","4382119"
"12741","4455826"
"15145","5171758"
"12249","4298626"
"14751","5044654"
"14782","5050568"
"12398","4343311"
"13112","4566027"
"13992","4811145"
"14520","4967844"
"12241","4295679"
"13612","4706402"
"14318","4908973"
"12520","4383670"
"12884","4500089"
"14194","4870640"
"16694","5612228"
"13624","4708105"
"15004","5123732"
"15422","5260627"
"12890","4502967"
"15099","5157174"
"12893","4504178"
"15997","5419192"
"13577","4695275"
"14545","4975028"
"15052","5143733"
"13630","4708978"
"13183","4586859"
"14477","4953802"
"13074","4553427"
"12638","4419427"
"15022","5129471"
"15049","5142254"
"14483","4954923"
"14727","5036311"
"13370","4629441"
"13855","4772400"
"12196","4277864"
"15762","5344551"
"13222","4596546"
"13100","4562919"
"13398","4637127"
"14702","5029917"
"13956","4800943"
"15858","5369735"
"14626","5003525"
"15781","5349627"
"13887","4781488"
"16675","5603779"
"13063","4546761"
"14421","4936279"
"12591","4404546"
"15798","5353890"
"16620","5580305"
"12718","4449501"
"12926","4511047"
"13494","4668560"
"15695","5324803"
"14124","4848402"
"15238","5197535"
"14728","5036529"
"16696","5613347"
"13472","4661864"
"14108","4845437"
"13087","4560472"
"12956","4518502"
"15523","5294153"
"14134","4851503"
"14688","5026969"
"15929","5391965"
"14817","5061414"
"15163","5177933"
"13566","4692009"
"15735","5336336"
"16393","5543590"
"13709","4730056"
"14427","4937252"
"16423","5554247"
"12095","4246698"
"14535","4971559"
"16117","5458211"
"14428","4937274"
"13728","4735651"
"15374","5246698"
"14319","4909154"
"15081","5152338"
"14221","4877321"
"15269","5216413"
"14719","5034681"
"15301","5225825"
"15924","5390914"
"13214","4594785"
"12428","4358263"
"14707","5030988"
"13399","4638292"
"15162","5177912"
"15168","5178879"
"13120","4567801"
"15420","5259890"
"12221","4287208"
"12305","4315344"
"14553","4977549"
"16037","5434538"
"16680","5606207"
"13757","4745580"
"13136","4572050"
"15232","5195408"
"15475","5276819"
"12592","4404734"
"14077","4837214"
"15761","5344479"
"13633","4709507"
"16083","5449159"
"14043","4828342"
"14738","5040136"
"12214","4285279"
"13760","4746457"
"13226","4597499"
"13176","4584171"
"16220","5493748"
"12192","4276127"
"12853","4490041"
"15326","5231926"
"14323","4910756"
"12078","4242182"
"15207","5186355"
"14398","4932159"
"13311","4616077"
"13720","4733740"
"13153","4578232"
"14504","4962931"
"14560","4979047"
"16245","5501391"
"13309","4615975"
"15447","5267714"
"12351","4325271"
"14189","4869811"
"16132","5465964"
"13581","4697658"
"13904","4784438"
"14978","5114406"
"13290","4612562"
"12397","4341966"
"14662","5020925"
"12279","4306097"
"15857","5369227"
"13905","4784587"
"13698","4726673"
"13567","4692107"
"14237","4882445"
"12827","4482374"
"15059","5146350"
"12496","4376624"
"15268","5216353"
"14518","4967623"
"15239","5198000"
"14974","5111614"
"13387","4634190"
"13395","4636618"
"16365","5535392"
"15676","5322226"
"14095","4841922"
"12376","4334948"
"15013","5126387"
"13509","4674058"
"13215","4594925"
"14927","5094670"
"12655","4424105"
"13035","4539655"
"14538","4972235"
"14287","4898311"
"15504","5287316"
"12432","4359336"
"16130","5465312"
"16297","5515649"
"15740","5338700"
"13448","4653589"
"13125","4569452"
"16355","5532897"
"13836","4766299"
"14845","5070672"
"13610","4706105"
"12616","4410245"
"13623","4708091"
"13810","4759493"
"12748","4462624"
"12140","4258071"
"15826","5361425"
"13203","4591909"
"15697","5325887"
"14327","4911805"
"14492","4957154"
"13534","4682487"
"14891","5084676"
"12551","4392386"
"16418","5552363"
"13815","4760743"
"13554","4688380"
"16564","5561861"
"16086","5450360"
"15984","5415679"
"12966","4519479"
"12927","4511115"
"13487","4666917"
"14165","4860411"
"13154","4578401"
"13541","4684664"
"15001","5123464"
"13811","4759830"
"13833","4764352"
"15104","5158107"
"12813","4477667"
"14610","4998843"
"14454","4945222"
"15630","5313423"
"13299","4614349"
"13602","4704643"
"15926","5391529"
"12729","4452568"
"13064","4546840"
"15785","5349881"
"12354","4326636"
"12405","4345332"
"13010","4533320"
"14940","5097907"
"15105","5158298"
"12413","4350386"
"12568","4396927"
"16350","5531884"
"12345","4323424"
"13495","4668730"
"15837","5365132"
"13587","4700190"
"15901","5383296"
"14337","4915033"
"16068","5444970"
"12522","4384561"
"12653","4423612"
"12182","4273406"
"16191","5483616"
"12917","4509101"
"14263","4890949"
"12788","4472354"
"16347","5531174"
"13560","4690126"
"16007","5422647"
"15599","5306022"
"16139","5467555"
"15256","5204835"
"12498","4376663"
"15417","5259650"
"13118","4567417"
"16682","5607874"
"12550","4392284"
"16391","5543421"
"12650","4422728"
"12696","4441918"
"13158","4579167"
"12807","4475201"
"15774","5347960"
"14786","5051433"
"15303","5226317"
"15006","5123849"
"12121","4253102"
"13140","4573784"
"14014","4820330"
"13314","4616778"
"16660","5598335"
"15008","5124885"
"16323","5525675"
"15266","5215574"
"14203","4873410"
"15700","5327165"
"16233","5498152"
"13310","4616060"
"14746","5042408"
"13766","4749183"
"14126","4849376"
"12979","4524904"
"12238","4294457"
"15327","5232359"
"14530","4969199"
"13355","4626864"
"14414","4934674"
"15332","5233440"
"14251","4888106"
"12948","4517272"
"13747","4741108"
"13233","4598723"
"16153","5472267"
"13649","4713401"
"13814","4760579"
"16095","5453263"
"16213","5490858"
"16257","5503714"
"12353","4326281"
"15365","5244787"
"12483","4373243"
"12684","4439372"
"13784","4753673"
"15817","5359804"
"16652","5594900"
"15696","5325000"
"14649","5018296"
"16422","5553832"
"16710","5627554"
"13374","4630188"
"13130","4569832"
"12339","4322110"
"14235","4881364"
"14900","5087776"
"14607","4995934"
"14434","4939255"
"12300","4314748"
"14686","5026951"
"13139","4573761"
"14703","5030069"
"12473","4369912"
"13131","4569842"
"12416","4351287"
"16026","5428937"
"13302","4615024"
"15473","5276047"
"14432","4938561"
"14617","5000791"
"14388","4929592"
"14948","5099759"
"15193","5184295"
"12662","4426031"
"12909","4507305"
"16343","5530397"
"13438","4651101"
"15012","5125989"
"16258","5503732"
"14395","4931802"
"15937","5400404"
"14624","5003001"
"15108","5159466"
"14877","5080688"
"14562","4980455"
"14027","4823246"
"12988","4527894"
"15995","5418413"
"13590","4700402"
"13022","4537116"
"14933","5095999"
"12766","4467220"
"15053","5143988"
"13420","4646188"
"13899","4783574"
"14905","5088703"
"13464","4658591"
"13207","4593755"
"16685","5608423"
"12223","4287450"
"12504","4378562"
"13619","4707598"
"12293","4312853"
"15344","5237383"
"12871","4495356"
"13187","4587495"
"15028","5131435"
"14241","4883349"
"16115","5457475"
"12659","4425628"
"12688","4440574"
"13041","4540385"
"16195","5484577"
"16295","5514166"
"12141","4258172"
"13856","4772488"
"15462","5273381"
"15075","5150481"
"14886","5082967"
"12763","4465549"
"14539","4972882"
"12424","4354722"
"15633","5315614"
"14308","4904939"
"15299","5225014"
"15702","5327249"
"13260","4604534"
"12629","4416186"
"12492","4376053"
"13466","4659744"
"14554","4977747"
"12394","4339943"
"14855","5075433"
"13388","4634340"
"12281","4306484"
"13308","4615832"
"13690","4724450"
"16390","5543197"
"13223","4596850"
"13538","4684013"
"14029","4824647"
"16363","5534706"
"13941","4795927"
"13126","4569498"
"13341","4624505"
"12889","4502449"
"13212","4594555"
"13782","4752976"
"12441","4361317"
"13410","4641581"
"12916","4508656"
"13657","4715631"
"14205","4873623"
"15770","5347608"
"16578","5567965"
"16378","5539038"
"12746","4462174"
"12414","4350690"
"15897","5381505"
"14213","4875521"
"16656","5596235"
"13546","4686125"
"12716","4449355"
"13348","4626277"
"14137","4853841"
"14119","4847137"
"13069","4550636"
"16016","5426773"
"16306","5520221"
"12999","4531449"
"15317","5230692"
"12448","4362362"
"14953","5101113"
"16673","5602920"
"12465","4367922"
"13497","4669560"
"13863","4774342"
"13876","4776927"
"16412","5548117"
"14333","4913168"
"15224","5193422"
"16379","5539089"
"15073","5150025"
"13809","4759420"
"13659","4716077"
"15775","5348715"
"16104","5455018"
"13973","4806830"
"15427","5262192"
"12686","4440313"
"14831","5065048"
"16581","5568372"
"12445","4361987"
"13744","4740337"
"12938","4515160"
"16289","5512168"
"14523","4968427"
"14955","5101539"
"14113","4846091"
"12531","4388357"
"13572","4693772"
"12389","4338516"
"16211","5488998"
"14621","5002299"
"12769","4468581"
"16326","5526344"
"14286","4898178"
"16702","5624368"
"16567","5563030"
"12166","4264727"
"15933","5393017"
"14393","4931098"
"15011","5125612"
"15209","5187012"
"16166","5477608"
"16227","5495773"
"14004","4816882"
"12505","4378665"
"14361","4922014"
"14700","5029847"
"15968","5411708"
"12860","4492317"
"15031","5132471"
"12177","4271536"
"12848","4487811"
"12296","4313840"
"12126","4254487"
"14566","4981755"
"14906","5088837"
"15090","5154286"
"15122","5163633"
"13373","4630093"
"16066","5444441"
"14201","4872921"
"13047","4541386"
"16358","5533747"
"13305","4615188"
"13549","4687214"
"13661","4716488"
"12582","4400832"
"14247","4887253"
"15235","5196604"
"13280","4610773"
"15726","5334424"
"16397","5545344"
"14958","5101983"
"15312","5229481"
"13907","4785236"
"15150","5174453"
"15603","5307988"
"15291","5222802"
"12087","4244973"
"16688","5609466"
"13277","4609675"
"16241","5500919"
"12188","4274034"
"12287","4310437"
"14693","5028286"
"15760","5343715"
"13928","4790097"
"14209","4874158"
"15284","5221393"
"14284","4897291"
"15051","5142800"
"14273","4894744"
"15211","5187611"
"14873","5079939"
"16056","5440007"
"12541","4390985"
"14183","4868741"
"16380","5539726"
"16098","5453736"
"13051","4542321"
"12442","4361630"
"14800","5055992"
"13407","4640156"
"15074","5150155"
"15945","5401504"
"13976","4807218"
"13681","4722921"
"15292","5223343"
"12488","4375295"
"14661","5020851"
"15911","5386955"
"16170","5478242"
"15197","5184953"
"13315","4616991"
"15595","5300608"
"16111","5456800"
"13878","4778307"
"13418","4645487"
"15849","5366774"
"13880","4778898"
"14106","4844896"
"15384","5249729"
"14790","5052059"
"12455","4365078"
"13109","4565726"
"13181","4586718"
"14936","5096216"
"15508","5288059"
"14452","4945167"
"14740","5040703"
"13061","4546007"
"13301","4614838"
"15998","5419210"
"16658","5596687"
"16357","5533469"
"14266","4891226"
"16640","5590464"
"14561","4979254"
"13697","4725723"
"12469","4368950"
"15274","5218473"
"14152","4857962"
"12758","4464957"
"15704","5328427"
"14694","5028533"
"16404","5546501"
"14890","5084443"
"14320","4909727"
"15608","5312426"
"13923","4788393"
"13715","4732780"
"15987","5416074"
"15218","5190863"
"14622","5002354"
"12243","4295884"
"13850","4771630"
"13303","4615074"
"13376","4632309"
"12113","4250372"
"13075","4554786"
"12407","4345558"
"13476","4662740"
"14938","5096429"
"15409","5257170"
"14177","4866191"
"13015","4535232"
"15514","5290977"
"12082","4243682"
"14429","4937450"
"15742","5339669"
"14344","4917537"
"13529","4681467"
"14848","5071331"
"15230","5194059"
"14125","4849081"
"13533","4682311"
"14823","5062884"
"15228","5193630"
"16116","5457525"
"14311","4906319"
"15302","5225862"
"12683","4439023"
"14317","4908259"
"15751","5341614"
"12537","4390543"
"15087","5153651"
"14254","4890000"
"12859","4491768"
"12395","4340784"
"16552","5558406"
"12478","4371608"
"14149","4857614"
"12069","4238794"
"15822","5360522"
"13514","4675035"
"13927","4789998"
"15337","5235759"
"13584","4699055"
"12119","4252672"
"14002","4815958"
"16160","5475616"
"14288","4899566"
"14609","4998461"
"13321","4618117"
"12822","4480515"
"12847","4487582"
"14895","5086650"
"15465","5273807"
"15664","5319687"
"15756","5342264"
"12089","4245161"
"14225","4878938"
"16063","5443618"
"14735","5038737"
"13317","4617451"
"14442","4941860"
"14324","4910854"
"14679","5025036"
"15647","5317523"
"12904","4506162"
"13021","4537056"
"14775","5048827"
"12931","4512436"
"12577","4399332"
"12212","4284808"
"15245","5200085"
"16304","5519823"
"16087","5450402"
"14526","4968880"
"15368","5245709"
"13276","4609145"
"15086","5153058"
"12942","4515785"
"13103","4563431"
"14983","5115785"
"12892","4504052"
"15334","5233599"
"13291","4612652"
"16555","5559527"
"12073","4241421"
"13506","4672653"
"14064","4832656"
"13070","4550817"
"12946","4516395"
"15435","5264893"
"12882","4499809"
"15660","5319184"
"13837","4766399"
"14359","4920790"
"12996","4530979"
"12468","4368935"
"13350","4626447"
"12218","4286039"
"13769","4750380"
"13994","4813553"
"15014","5126751"
"12546","4391518"
"16328","5526551"
"12665","4426917"
"16335","5528202"
"13155","4578412"
"14581","4986611"
"12364","4329948"
"12595","4404996"
"13522","4679181"
"16590","5571483"
"12841","4486260"
"13890","4781860"
"12368","4330831"
"13866","4775051"
"15191","5183860"
"15596","5302475"
"15119","5163087"
"16424","5554476"
"14463","4947561"
"15743","5339908"
"14182","4868675"
"12251","4299101"
"13663","4717438"
"14494","4958112"
"15810","5358025"
"12288","4311440"
"13662","4717174"
"12879","4497103"
"12905","4506275"
"14304","4903708"
"13121","4567981"
"14516","4967326"
"14729","5036734"
"12143","4258404"
"12637","4419072"
"14791","5052335"
"15408","5257078"
"16252","5503187"
"13765","4747949"
"14041","4827554"
"13123","4568489"
"15027","5130506"
"16591","5571493"
"14196","4872009"
"15776","5348779"
"14358","4920467"
"15939","5400549"
"12452","4364083"
"13091","4561213"
"14481","4954572"
"15174","5181114"
"16693","5611742"
"13337","4623341"
"15843","5366052"
"13964","4803316"
"14774","5048186"
"14117","4846427"
"14977","5113838"
"16322","5525360"
"15175","5181255"
"12604","4407044"
"15879","5376990"
"14226","4879431"
"12131","4256477"
"16344","5530767"
"12535","4389539"
"15043","5139846"
"13910","4786589"
"15434","5264873"
"13053","4542905"
"12835","4484207"
"12474","4370233"
"13707","4729837"
"15308","5228009"
"14620","5002269"
"15007","5124310"
"15164","5178074"
"14568","4982169"
"12858","4491744"
"15865","5370521"
"14153","4858103"
"13714","4732464"
"12357","4327366"
"13911","4786712"
"12964","4519250"
"12303","4315121"
"16024","5428558"
"14500","4960676"
"12585","4401839"
"13838","4766561"
"13846","4770102"
"13043","4540843"
"14190","4870092"
"12211","4284329"
"14342","4917148"
"15270","5217042"
"16553","5559229"
"16249","5502178"
"16550","5555142"
"13432","4649754"
"16088","5452222"
"12479","4371871"
"12864","4493269"
"16554","5559446"
"14881","5081469"
"12527","4387637"
"12809","4476309"
"14151","4857773"
"12100","4247667"
"12681","4438911"
"16403","5546491"
"15873","5374403"
"12099","4247587"
"16077","5446766"
"13065","4549021"
"15671","5321197"
"15913","5387133"
"15932","5392943"
"15974","5413666"
"16628","5584686"
"12606","4407332"
"14404","4932945"
"13991","4811066"
"14557","4978041"
"16414","5548462"
"12437","4360694"
"13967","4803608"
"15398","5254586"
"15729","5335096"
"14451","4945024"
"14889","5084073"
"12107","4248913"
"13332","4621770"
"13682","4723240"
"14730","5037188"
"14795","5053862"
"12990","4528768"
"13333","4622016"
"16044","5437292"
"14753","5045033"
"13289","4612430"
"12447","4362162"
"13754","4744094"
"15346","5238123"
"13510","4674644"
"12112","4249996"
"12862","4492838"
"13220","4595715"
"14381","4925809"
"12833","4484066"
"14781","5049558"
"15120","5163217"
"14011","4819398"
"15457","5271463"
"13224","4597397"
"14988","5118600"
"14341","4917066"
"12937","4514717"
"15202","5185921"
"15793","5352043"
"13092","4561361"
"13122","4568348"
"14793","5053648"
"16599","5576133"
"13636","4709966"
"15996","5418906"
"14966","5105754"
"15309","5228488"
"13689","4724181"
"13062","4546652"
"14489","4956310"
"14653","5019262"
"12697","4442041"
"12993","4529962"
"12709","4446900"
"13213","4594672"
"14433","4938919"
"14070","4835397"
"16263","5505716"
"14780","5049381"
"14128","4849819"
"12969","4520257"
"13480","4664384"
"12513","4380967"
"13796","4756048"
"15206","5186299"
"16331","5527444"
"13294","4613309"
"13272","4607276"
"13178","4585301"
"14830","5065005"
"14156","4858700"
"12149","4259374"
"15649","5317856"
"14471","4949974"
"12911","4507950"
"12464","4367910"
"13057","4545428"
"14997","5121508"
"12944","4516079"
"14193","4870510"
"14844","5070393"
"15041","5136635"
"12438","4360722"
"12660","4425849"
"14422","4936392"
"16679","5605894"
"15483","5282094"
"14864","5077971"
"15295","5223551"
"12549","4392137"
"15155","5176549"
"13019","4536371"
"14589","4988538"
"16686","5608432"
"13804","4758208"
"15602","5306808"
"13479","4663484"
"15367","5245282"
"12429","4358285"
"15788","5350850"
"15859","5369764"
"16621","5580509"
"13225","4597448"
"13611","4706267"
"13263","4604725"
"15694","5324732"
"15363","5244133"
"15831","5364225"
"16569","5563587"
"14490","4956894"
"13933","4792071"
"14650","5019193"
"13834","4765646"
"12618","4411094"
"16123","5463920"
"13525","4680443"
"14157","4859077"
"12575","4398465"
"14834","5065341"
"13246","4601839"
"14854","5075287"
"15400","5255052"
"13785","4753687"
"14878","5080708"
"15198","5184982"
"15403","5255360"
"13932","4792056"
"12817","4479405"
"12840","4486018"
"13736","4738844"
"14706","5030884"
"13530","4681523"
"15961","5405578"
"12540","4390872"
"14903","5088445"
"12510","4380183"
"13517","4677287"
"14670","5023766"
"13328","4619531"
"14456","4945644"
"15307","5227821"
"16361","5534248"
"12198","4279934"
"14762","5046642"
"15067","5148520"
"12158","4261877"
"13860","4773221"
"13478","4663449"
"15314","5230296"
"15885","5379422"
"16406","5546859"
"15288","5221762"
"15732","5335776"
"15378","5247295"
"12682","4438982"
"13701","4727933"
"15018","5127708"
"15450","5270342"
"16382","5540231"
"12094","4246532"
"13559","4690101"
"16168","5477887"
"13949","4799332"
"14759","5046356"
"15763","5345115"
"12183","4273445"
"16576","5566587"
"13869","4775336"
"14987","5117589"
"15964","5406944"
"15722","5333623"
"16064","5443716"
"16369","5536972"
"15395","5252747"
"16632","5588077"
"13786","4753821"
"16584","5569973"
"14146","4856023"
"13797","4756063"
"14206","4873714"
"15229","5193875"
"12929","4511945"
"12270","4303752"
"16636","5589423"
"15042","5136682"
"12292","4312593"
"16325","5525907"
"14382","4926041"
"13060","4545898"
"13586","4700078"
"13761","4747043"
"14808","5058409"
"15101","5157412"
"13547","4686412"
"15426","5262089"
"14573","4983282"
"15316","5230436"
"16622","5581145"
"14551","4977282"
"16165","5477235"
"12130","4256239"
"12461","4366512"
"15515","5291648"
"16714","5629501"
"12674","4430381"
"16148","5469917"
"16631","5587818"
"15135","5167758"
"14130","4850074"
"13481","4664881"
"15070","5149327"
"12491","4375753"
"13124","4568553"
"13211","4594478"
"13561","4690338"
"12421","4353117"
"13045","4541126"
"13357","4627239"
"14067","4834200"
"16413","5548412"
"12144","4258537"
"13951","4800171"
"14087","4839443"
"13829","4763805"
"13818","4761317"
"14186","4869538"
"16219","5493325"
"13149","4576484"
"13298","4614321"
"16706","5625424"
"13081","4557352"
"13156","4578514"
"14301","4902692"
"12918","4509894"
"13462","4656419"
"15366","5244863"
"15080","5151994"
"13640","4710750"
"15752","5341734"
"13166","4581285"
"12921","4510255"
"14171","4863978"
"14336","4914770"
"12079","4242361"
"12454","4365039"
"16305","5519882"
"12613","4409031"
"12727","4451939"
"14164","4860319"
"12770","4468808"
"16592","5572258"
"14391","4930461"
"13669","4720031"
"14102","4844123"
"13828","4763711"
"13753","4743513"
"14065","4833031"
"13067","4549328"
"14335","4914081"
"15808","5357508"
"12736","4453621"
"14779","5049304"
"14355","4920210"
"12319","4318488"
"13364","4628839"
"14772","5048018"
"13582","4698077"
"14160","4859290"
"12621","4411591"
"15902","5383331"
"14116","4846347"
"15047","5141348"
"13453","4654115"
"12732","4453187"
"14148","4856354"
"16351","5532244"
"13160","4579815"
"16387","5543094"
"12571","4397126"
"14167","4861923"
"12967","4519720"
"16615","5579212"
"13430","4649620"
"13750","4742866"
"13576","4694982"
"14047","4829242"
"14569","4982179"
"14633","5004434"
"15980","5415260"
"16081","5448562"
"15791","5351769"
"13668","4719826"
"15338","5235935"
"15989","5416652"
"15328","5232524"
"14289","4899943"
"12976","4522630"
"15405","5256353"
"13449","4653945"
"15680","5322320"
"12789","4472462"
"13621","4707682"
"15512","5290216"
"16648","5594445"
"14766","5046801"
"13279","4610639"
"14525","4968831"
"15863","5370460"
"14969","5107223"
"14169","4862217"
"13329","4619872"
"12680","4438244"
"16345","5530775"
"14461","4947361"
"16689","5609974"
"16579","5568013"
"13108","4565645"
"15212","5188499"
"12127","4255182"
"12418","4352237"
"16215","5491288"
"14875","5080530"
"15414","5258768"
"13652","4714499"
"12161","4263026"
"15265","5214419"
"12186","4273715"
"14509","4965704"
"13475","4662471"
"16205","5487102"
"13504","4670989"
"15801","5354863"
"15141","5170197"
"12361","4328935"
"15714","5331054"
"15738","5337645"
"13014","4535204"
"13107","4565630"
"15289","5222039"
"16274","5508863"
"12081","4243278"
"16190","5483542"
"15116","5162434"
"13508","4673180"
"16606","5577865"
"13034","4539589"
"12836","4484355"
"13450","4653977"
"14771","5047832"
"15867","5371301"
"12823","4480718"
"13781","4752833"
"15324","5231622"
"13680","4722827"
"16665","5599559"
"12876","4496295"
"16587","5570240"
"14046","4829212"
"12554","4392698"
"14608","4997691"
"14952","5100855"
"14655","5019559"
"12422","4354157"
"13391","4634728"
"16557","5560493"
"15479","5278382"
"12738","4454547"
"15098","5157008"
"12676","4431871"
"13102","4563268"
"16582","5569111"
"12515","4381183"
"13241","4600254"
"13427","4648301"
"15103","5157954"
"15165","5178252"
"13295","4613785"
"15371","5246109"
"14166","4860652"
"13089","4560820"
"13346","4625120"
"13342","4624697"
"13886","4781344"
"13433","4650339"
"14419","4935991"
"14346","4917989"
"15109","5159840"
"12500","4377340"
"13196","4590306"
"15157","5176886"
"13758","4745613"
"12514","4381022"
"13743","4739919"
"13618","4707356"
"15281","5221129"
"13642","4711544"
"15385","5249922"
"12801","4474655"
"16709","5627341"
"13511","4674694"
"14480","4954308"
"16173","5479722"
"13001","4531625"
"14230","4881015"
"16700","5624154"
"14632","5004422"
"15809","5357862"
"13304","4615121"
"14896","5086652"
"16276","5509682"
"14424","4936769"
"14794","5053665"
"13592","4701325"
"13975","4807154"
"14708","5031029"
"12222","4287229"
"12337","4321907"
"16360","5534240"
"13219","4595547"
"14012","4820009"
"15333","5233496"
"13258","4604127"
"14627","5003751"
"13353","4626594"
"13685","4723777"
"15002","5123577"
"12467","4368361"
"14859","5076470"
"13152","4577835"
"12509","4380072"
"13545","4686042"
"14321","4910562"
"12229","4290392"
"14990","5119367"
"13731","4737188"
"14109","4845453"
"12667","4427368"
"16311","5521259"
"14721","5035097"
"15693","5324570"
"16398","5545415"
"12417","4352204"
"13902","4784050"
"14280","4896523"
"12654","4424050"
"13111","4566018"
"14009","4818713"
"15707","5329610"
"12536","4390235"
"14623","5002854"
"13704","4728755"
"16348","5531473"
"12502","4378001"
"15132","5167231"
"15436","5265490"
"14025","4822881"
"14676","5024537"
"14902","5088392"
"13380","4633471"
"14833","5065244"
"15717","5331259"
"15950","5404761"
"12559","4394218"
"13434","4650628"
"13882","4780952"
"14818","5061523"
"13172","4582483"
"13660","4716189"
"13666","4719182"
"14178","4866648"
"14192","4870245"
"15182","5182845"
"16192","5484057"
"13552","4687926"
"12103","4247866"
"12894","4504200"
"14924","5094524"
"13469","4661335"
"16705","5624801"
"13179","4585785"
"14515","4966953"
"14956","5101839"
"14642","5011857"
"12224","4287907"
"15485","5283099"
"16183","5482257"
"14533","4971101"
"15351","5238566"
"14947","5099538"
"13710","4730278"
"16296","5515562"
"12563","4396050"
"13086","4560260"
"13600","4704423"
"15456","5271302"
"13925","4789405"
"16079","5448335"
"13413","4644328"
"13852","4772100"
"14916","5092367"
"14367","4923650"
"12720","4449760"
"15375","5246739"
"14660","5020019"
"12779","4469466"
"14537","4972031"
"14846","5070952"
"12708","4446825"
"14018","4821035"
"14306","4904546"
"12670","4428355"
"15753","5341741"
"12263","4302536"
"12786","4471801"
"13493","4668470"
"15277","5219540"
"13334","4622565"
"13512","4674723"
"16031","5430661"
"12375","4334475"
"13106","4564455"
"15526","5296170"
"12236","4292934"
"13032","4539022"
"13670","4721014"
"13459","4655096"
"16580","5568074"
"14894","5086106"
"16131","5465497"
"14984","5116128"
"16156","5472731"
"16271","5508413"
"16574","5565852"
"13921","4788130"
"14389","4930236"
"16039","5435349"
"13734","4738539"
"13875","4776605"
"12176","4271115"
"13261","4604594"
"15325","5231883"
"14296","4901665"
"12923","4510684"
"14139","4854064"
"14717","5034302"
"12446","4362141"
"13867","4775112"
"14658","5019775"
"16280","5509900"
"12253","4300021"
"13598","4703540"
"14962","5103650"
"13457","4654832"
"14876","5080579"
"13134","4571215"
"15373","5246638"
"15095","5156101"
"12228","4289523"
"12543","4391078"
"13036","4539710"
"15248","5201871"
"13221","4596090"
"12914","4508495"
"12572","4397143"
"12705","4445806"
"13783","4753556"
"14843","5069938"
"13259","4604227"
"15354","5239769"
"12219","4286224"
"12569","4396955"
"15404","5256194"
"13079","4556466"
"13474","4662403"
"14150","4857669"
"16372","5537349"
"15597","5303451"
"15220","5191789"
"15091","5155127"
"12489","4375376"
"16055","5439936"
"12983","4526074"
"12826","4482096"
"12985","4527218"
"13165","4580411"
"14076","4837098"
"12207","4282990"
"16405","5546638"
"14120","4847270"
"14352","4919320"
"12992","4529821"
"13917","4787421"
"14682","5026013"
"15061","5147813"
"14502","4962396"
"12419","4352363"
"14397","4931959"
"14441","4941214"
"15233","5196192"
"13026","4537655"
"14501","4961076"
"14769","5047417"
"12933","4513195"
"13915","4787209"
"16094","5453089"
"12261","4302316"
"14901","5087801"
"15183","5182990"
"16230","5497277"
"14776","5049003"
"15329","5232593"
"13201","4591860"
"13983","4809325"
"15875","5374853"
"13721","4733817"
"15139","5169608"
"14736","5039729"
"12444","4361730"
"15200","5185462"
"15758","5342808"
"15887","5379911"
"12118","4252633"
"13700","4727453"
"12867","4494805"
"16616","5579467"
"14098","4842809"
"16577","5567866"
"12553","4392584"
"12104","4248167"
"12980","4524995"
"14407","4933714"
"15298","5224580"
"12497","4376644"
"16149","5469983"
"15029","5131726"
"15605","5308947"
"14038","4827427"
"15488","5284461"
"13708","4730016"
"16269","5507517"
"12136","4257586"
"12664","4426528"
"13157","4579097"
"14372","4924198"
"14411","4934129"
"14696","5028775"
"14103","4844237"
"14758","5046074"
"13482","4665030"
"13957","4801227"
"12878","4496481"
"13323","4618519"
"13632","4709328"
"15359","5242870"
"15486","5283106"
"13161","4580068"
"12187","4273881"
"12824","4481908"
"13083","4558932"
"13791","4754726"
"15823","5360894"
"14239","4883051"
"13316","4617383"
"12628","4415475"
"14283","4897211"
"16619","5580103"
"13963","4802908"
"16551","5555635"
"12197","4278346"
"13981","4808718"
"15350","5238361"
"14168","4862137"
"16336","5528240"
"13273","4608436"
"12965","4519353"
"14951","5100769"
"13144","4575702"
"15990","5417021"
"12163","4263486"
"15077","5151353"
"13148","4576423"
"13877","4777594"
"14386","4927790"
"15725","5334315"
"12645","4420752"
"13039","4539941"
"14028","4823459"
"14773","5048052"
"14590","4988942"
"12828","4482553"
"13778","4752320"
"14470","4949738"
"14462","4947455"
"16008","5422874"
"12810","4476528"
"16138","5467532"
"13930","4791535"
"15936","5400349"
"14950","5100561"
"14815","5061112"
"13651","4714238"
"13730","4736732"
"14400","4932280"
"16150","5470087"
"13068","4550223"
"14455","4945283"
"14909","5090141"
"14220","4877035"
"13216","4595125"
"15755","5342096"
"14860","5076765"
"15940","5400693"
"16402","5546222"
"13375","4631312"
"15136","5168117"
"14000","4814895"
"12677","4432853"
"16127","5464731"
"16203","5486861"
"16282","5510350"
"16293","5512985"
"13943","4796432"
"12834","4484150"
"16057","5440020"
"16314","5522209"
"14438","4940780"
"14666","5022410"
"14465","4948090"
"12123","4253360"
"12373","4333973"
"12844","4486647"
"13990","4811042"
"15130","5166766"
"16642","5591004"
"13490","4667787"
"12327","4319632"
"14615","5000450"
"13405","4639626"
"13465","4659418"
"14549","4977134"
"16684","5608323"
"14418","4935961"
"14212","4874868"
"14745","5042170"
"15938","5400474"
"12668","4427460"
"12930","4512323"
"13805","4758628"
"14644","5016171"
"14111","4846028"
"12555","4393033"
"16260","5504878"
"13366","4628964"
"15394","5252494"
"14683","5026292"
"15718","5331368"
"15907","5384353"
"16320","5523203"
"13000","4531531"
"13793","4754911"
"16352","5532496"
"14244","4885250"
"15784","5349870"
"12963","4519155"
"14365","4923301"
"13830","4764011"
"12812","4477555"
"13678","4722644"
"15646","5317511"
"16374","5538504"
"13096","4562273"
"13767","4749538"
"14907","5089062"
"14265","4891179"
"14914","5092051"
"12740","4455492"
"15489","5284711"
"13174","4583870"
"13204","4592147"
"14207","4873794"
"13826","4762863"
"15336","5234771"
"15854","5368234"
"12703","4444658"
"15452","5270513"
"15691","5323418"
"16359","5533886"
"12257","4300888"
"14511","4965844"
"15244","5199171"
"13208","4593813"
"13423","4647283"
"16164","5476716"
"13378","4632806"
"12360","4328521"
"12977","4524164"
"13503","4670829"
"14227","4879981"
"13268","4606215"
"13535","4682539"
"14651","5019212"
"14714","5032413"
"14641","5011014"
"12344","4323260"
"16054","5439649"
"16188","5482979"
"16262","5505367"
"12658","4425587"
"14459","4946947"
"12242","4295868"
"15089","5154126"
"15126","5165001"
"15264","5212769"
"13959","4801803"
"16110","5456474"
"12202","4280795"
"15076","5150794"
"13589","4700374"
"14003","4815984"
"14402","4932568"
"16704","5624791"
"14026","4823081"
"12076","4241931"
"14229","4880478"
"16337","5529125"
"13470","4661544"
"12239","4294541"
"15311","5229266"
"13998","4814150"
"12722","4450134"
"14669","5023524"
"14084","4838109"
"15160","5177253"
"15766","5346402"
"13543","4685332"
"13903","4784102"
"12313","4316709"
"13243","4601428"
"13394","4636196"
"14238","4882843"
"14440","4941114"
"15304","5226537"
"14073","4836169"
"12349","4324369"
"13896","4783300"
"16159","5475594"
"14081","4837389"
"12320","4318509"
"13843","4769160"
"12283","4306803"
"12635","4418491"
"13948","4799220"
"13521","4678704"
"12854","4491000"
"14024","4822207"
"13946","4797437"
"14959","5102772"
"14392","4930545"
"15518","5292332"
"12880","4497351"
"13296","4613847"
"14376","4925211"
"12108","4248980"
"14912","5091037"
"15733","5336057"
"13351","4626545"
"14375","4924613"
"15389","5250813"
"12083","4244000"
"14931","5095857"
"15243","5198641"
"15905","5383686"
"13603","4704856"
"16415","5549914"
"13702","4728165"
"14664","5022241"
"15935","5393963"
"13004","4532785"
"14832","5065098"
"15184","5183004"
"14269","4891470"
"14868","5078582"
"13454","4654258"
"12155","4260764"
"13862","4774290"
"15210","5187156"
"15601","5306661"
"16294","5513022"
"12622","4411788"
"13073","4553359"
"14960","5102865"
"13897","4783510"
"14267","4891400"
"13049","4541971"
"13505","4671574"
"14252","4888612"
"13825","4762696"
"13483","4665116"
"15078","5151479"
"12237","4293366"
"12678","4433891"
"13724","4734590"
"15764","5345238"
"13604","4704868"
"13441","4652083"
"16329","5526643"
"12225","4288710"
"12959","4518789"
"13114","4566228"
"14030","4825127"
"14155","4858497"
"16186","5482718"
"14374","4924334"
"15969","5411917"
"12115","4251000"
"13520","4678646"
"16593","5572956"
"15146","5172864"
"12538","4390621"
"13098","4562643"
"16377","5539015"
"12781","4470186"
"14663","5022063"
"14870","5078972"
"13593","4701593"
"13692","4724667"
"13044","4541099"
"13716","4733074"
"15866","5371195"
"16342","5530142"
"14964","5105557"
"15313","5229729"
"15260","5208017"
"14363","4922773"
"12888","4502346"
"13673","4721532"
"15816","5359675"
"16641","5590897"
"15748","5340865"
"16627","5583122"
"12142","4258186"
"12630","4416217"
"15705","5328709"
"15806","5357041"
"15305","5227130"
"14578","4985117"
"15063","5148056"
"14431","4938310"
"12800","4474355"
"15241","5198137"
"15852","5367376"
"12925","4511014"
"13443","4652409"
"14943","5098623"
"16204","5486913"
"13425","4647673"
"13894","4782402"
"15110","5159940"
"15460","5272023"
"13892","4782285"
"16668","5600565"
"15487","5284046"
"15839","5365396"
"13741","4739815"
"14629","5004134"
"14678","5024871"
"14866","5078109"
"14524","4968531"
"13354","4626672"
"16101","5454441"
"13881","4780714"
"15261","5209370"
"14340","4916856"
"13244","4601609"
"14496","4959018"
"13683","4723306"
"14944","5098724"
"15023","5129945"
"16167","5477786"
"12075","4241883"
"12566","4396478"
"13110","4565738"
"12346","4323536"
"13845","4769878"
"14711","5031622"
"14961","5103558"
"13986","4810270"
"15037","5134232"
"14541","4973922"
"12387","4336900"
"12388","4337159"
"14050","4829831"
"14158","4859108"
"14245","4886509"
"14755","5045586"
"13027","4537766"
"16092","5453014"
"13011","4533360"
"13171","4582360"
"13236","4599347"
"12366","4330016"
"12907","4506822"
"13920","4787914"
"15578","5298584"
"12194","4276872"
"14904","5088611"
"14180","4867318"
"14534","4971537"
"16583","5569127"
"12560","4394443"
"13193","4589491"
"14058","4831463"
"12982","4525515"
"13872","4776312"
"12096","4246749"
"13132","4569885"
"12777","4469325"
"12910","4507706"
"13390","4634718"
"13104","4563493"
"12145","4258861"
"15890","5380568"
"13085","4559756"
"15437","5265746"
"14100","4843813"
"14657","5019734"
"16346","5530813"
"12865","4493632"
"13995","4813593"
"15507","5287910"
"15672","5321592"
"14082","4837504"
"14242","4883768"
"15796","5353392"
"14691","5027439"
"15947","5402523"
"12481","4372370"
"16623","5581876"
"14787","5051459"
"13656","4715315"
"13031","4538559"
"12564","4396077"
"13088","4560649"
"14204","4873570"
"14637","5007696"
"14223","4878603"
"14788","5051687"
"16035","5433467"
"12561","4394650"
"12594","4404978"
"12773","4468998"
"12901","4505358"
"14085","4838822"
"13162","4580103"
"13518","4678283"
"14069","4834683"
"15219","5191274"
"15386","5250131"
"12458","4366094"
"12409","4347299"
"13889","4781672"
"14370","4924005"
"15217","5190491"
"15778","5349278"
"14154","4858295"
"16396","5544657"
"14559","4978558"
"14929","5095268"
"14867","5078213"
"15180","5182457"
"13467","4660464"
"14798","5054491"
"13934","4792300"
"13939","4795205"
"15294","5223473"
"13319","4617601"
"14648","5018120"
"14695","5028554"
"13597","4703333"
"12280","4306390"
"13028","4538159"
"13254","4603432"
"15731","5335359"
"16572","5564096"
"14514","4966820"
"13003","4532534"
"14731","5037355"
"16022","5427929"
"13751","4743049"
"16639","5590318"
"14488","4956195"
"16041","5436225"
"15069","5149060"
"13997","4813816"
"14216","4876134"
"16565","5562704"
"15358","5242682"
"15985","5415693"
"14297","4902027"
"15034","5133482"
"15861","5370200"
"16285","5511367"
"12957","4518551"
"14681","5025725"
"12275","4305249"
"13369","4629310"
"13984","4809461"
"14037","4826927"
"12605","4407254"
"12783","4470637"
"13703","4728339"
"14173","4864585"
"16353","5532567"
"12358","4327993"
"12086","4244863"
"13777","4752312"
"16126","5464648"
"12924","4510903"
"12811","4477277"
"13143","4575177"
"16676","5604508"
"12248","4298233"
"13175","4584153"
"14232","4881196"
"12691","4441282"
"14110","4845664"
"14300","4902634"
"14819","5061744"
"14356","4920323"
"14744","5041536"
"12955","4518329"
"13693","4724948"
"14785","5050831"
"14975","5113639"
"14880","5080997"
"14097","4842190"
"15992","5417558"
"14055","4830933"
"13386","4633909"
"12286","4307956"
"15719","5331395"
"13269","4606267"
"13117","4567339"
"13954","4800787"
"12687","4440340"
"13827","4763468"
"14493","4957793"
"15432","5263946"
"13192","4589170"
"14570","4982496"
"15285","5221471"
"14444","4942641"
"12508","4379448"
"13016","4535715"
"13151","4576941"
"13288","4612302"
"13968","4804739"
"12299","4314734"
"12623","4412077"
"16618","5579637"
"15286","5221483"
"13005","4532844"
"15491","5285374"
"13363","4628671"
"13691","4724499"
"16368","5536774"
"12150","4259574"
"13819","4761379"
"14828","5064744"
"13938","4794104"
"12861","4492823"
"13468","4660587"
"14383","4926361"
"14338","4916325"
"13916","4787331"
"14820","5061869"
"14970","5107626"
"14767","5046862"
"16608","5578161"
"13653","4714630"
"12567","4396802"
"16239","5500387"
"14572","4983253"
"15458","5271659"
"14274","4894966"
"13274","4608461"
"15246","5200732"
"12651","4423228"
"12434","4359892"
"16409","5547507"
"15576","5298389"
"13831","4764146"
"15204","5186136"
"16666","5599749"
"12885","4500144"
"12715","4449054"
"15444","5267289"
"12227","4289232"
"13706","4728959"
"12906","4506407"
"14020","4821282"
"13129","4569789"
"12195","4277749"
"15117","5162697"
"14713","5032178"
"16338","5529298"
"12137","4257602"
"12215","4285297"
"13906","4784737"
"16253","5503226"
"16212","5489819"
"14498","4959398"
"15592","5300037"
"14723","5035432"
"13210","4594405"
"13588","4700287"
"12619","4411168"
"12675","4430922"
"16389","5543139"
"15143","5171668"
"14838","5067224"
"12336","4321415"
"15757","5342331"
"14243","4884071"
"15262","5211179"
"13105","4563698"
"15818","5360043"
"13774","4751431"
"12269","4303589"
"12277","4305568"
"13318","4617532"
"12735","4453466"
"16147","5469681"
"13237","4599470"
"12246","4297254"
"14934","5096020"
"14140","4854119"
"14770","5047472"
"12456","4365861"
"16082","5448690"
"13184","4587045"
"13417","4645072"
"14063","4832224"
"15149","5174144"
"16663","5598873"
"12135","4257494"
"15860","5369878"
"13969","4805007"
"15811","5358109"
"14874","5080504"
"12913","4508164"
"13306","4615440"
"13137","4572347"
"14491","4957051"
"14810","5059751"
"16178","5480689"
"12584","4401808"
"15068","5148682"
"13596","4702379"
"16588","5570546"
"12647","4421266"
"12266","4303346"
"12712","4448114"
"15127","5165726"
"13528","4681383"
"15166","5178500"
"12404","4344789"
"14858","5076177"
"15815","5358997"
"15836","5365028"
"16669","5600840"
"16272","5508534"
"16366","5536706"
"15343","5237032"
"12895","4504256"
"13573","4693830"
"14326","4911705"
"12449","4362700"
"14435","4939295"
"12503","4378404"
"13962","4802901"
"12321","4318875"
"14035","4826448"
"12699","4442456"
"14175","4866048"
"14778","5049209"
"12516","4381372"
"13857","4772827"
"15428","5262901"
"13146","4576138"
"16316","5522501"
"15786","5349896"
"14357","4920408"
"12209","4283494"
"16341","5530132"
"14122","4848029"
"16040","5435663"
"12620","4411459"
"13813","4760301"
"13030","4538561"
"13248","4602095"
"15666","5320644"
"14426","4937025"
"14836","5065709"
"13952","4800370"
"14416","4935175"
"14437","4940578"
"12756","4464789"
"14129","4849998"
"13422","4647248"
"14939","5097287"
"14345","4917755"
"14217","4876422"
"14198","4872336"
"14699","5029659"
"16667","5600176"
"12887","4502219"
"13257","4604033"
"13313","4616457"
"14636","5007269"
"14071","4835886"
"15739","5338347"
"14056","4830998"
"15445","5267404"
"14575","4983995"
"12403","4343925"
"14600","4992056"
"16690","5610441"
"14733","5038495"
"16206","5487115"
"13842","4768774"
"15282","5221301"
"13571","4692871"
"16273","5508695"
"15225","5193494"
"16047","5437977"
"13824","4762486"
"13749","4742798"
"16261","5505108"
"15079","5151634"
"12385","4336579"
"15464","5273664"
"12179","4272421"
"16238","5499954"
"14305","4904240"
"12607","4407434"
"15912","5386975"
"14329","4912221"
"13498","4669833"
"16075","5446567"
"14550","4977191"
"15772","5347823"
"13935","4793017"
"16162","5476383"
"16179","5480891"
"12774","4469139"
"16189","5483485"
"12799","4474304"
"12589","4403395"
"12114","4250879"
"12317","4317752"
"12832","4483928"
"15172","5180109"
"13901","4784014"
"14497","4959164"
"14709","5031395"
"14298","4902146"
"14536","4971583"
"12332","4320399"
"14503","4962568"
"14884","5082004"
"16256","5503708"
"12324","4319076"
"13397","4636959"
"16664","5599032"
"16202","5486478"
"15476","5277113"
"12528","4387690"
"14806","5058041"
"15279","5220408"
"14021","4821316"
"13776","4752246"
"15433","5264612"
"14685","5026756"
"15123","5164647"
"16158","5475408"
"16240","5500801"
"16210","5488871"
"13977","4807349"
"12869","4495013"
"14812","5060289"
"16695","5612362"
"12614","4409835"
"12656","4424626"
"16266","5506118"
"15194","5184336"
"14309","4904957"
"13097","4562372"
"14339","4916356"
"14231","4881110"
"13402","4638428"
"15598","5305038"
"13458","4654910"
"14613","4999587"
"13569","4692388"
"14872","5079719"
"13228","4598095"
"12190","4275456"
"14181","4868659"
"13439","4651223"
"16625","5582409"
"13679","4722771"
"15185","5183390"
"15038","5134617"
"14544","4974533"
"12457","4366022"
"12485","4375108"
"13093","4561673"
"16194","5484204"
"12973","4522168"
"14174","4865482"
"15257","5205228"
"13564","4691739"
"14080","4837352"
"12947","4516567"
"15716","5331150"
"14586","4987923"
"13327","4619418"
"15300","5225250"
"15652","5318567"
"12210","4283819"
"12754","4464446"
"14547","4975917"
"12265","4302771"
"13234","4598818"
"14945","5099278"
"15318","5230922"
"12284","4306876"
"13565","4691775"
"15715","5331125"
"13245","4601778"
"15410","5257312"
"15045","5140271"
"12625","4412853"
"13400","4638334"
"14668","5023425"
"12731","4452839"
"15258","5206653"
"15746","5340394"
"13725","4734746"
"13848","4770521"
"14188","4869669"
"14635","5006814"
"14946","5099330"
"12530","4388185"
"16653","5594997"
"15066","5148434"
"14495","4958868"
"15898","5381608"
"12939","4515186"
"13190","4588429"
"15634","5316193"
"14967","5106058"
"12934","4513218"
"13599","4704264"
"12611","4408585"
"14976","5113735"
"15636","5317091"
"13287","4612107"
"14195","4871125"
"12998","4531276"
"14022","4821923"
"14754","5045239"
"15876","5374869"
"13485","4666386"
"15600","5306596"
"12511","4380471"
"15477","5277494"
"12701","4443572"
"12602","4406382"
"13217","4595333"
"16012","5424884"
"13050","4542292"
"12984","4526989"
"13501","4670486"
"16180","5481887"
"16006","5422395"
"12704","4445368"
"15179","5181890"
"15970","5412205"
"13368","4629248"
"15353","5239743"
"13945","4796972"
"14268","4891413"
"13812","4759840"
"12941","4515629"
"15019","5128162"
"15841","5365679"
"14368","4923846"
"16589","5571212"
"14079","4837261"
"15790","5351618"
"16046","5437821"
"13456","4654497"
"13671","4721374"
"13180","4585908"
"15129","5166377"
"12945","4516146"
"12312","4316615"
"13168","4581582"
"12525","4386332"
"16134","5466144"
"12855","4491238"
"14835","5065388"
"12231","4290722"
"15411","5258171"
"15236","5197025"
"14350","4918472"
"15777","5348964"
"12700","4442786"
"13993","4811872"
"12995","4530776"
"12586","4401888"
"12997","4531012"
"14476","4951585"
"16677","5605508"
"16283","5511005"
"15594","5300257"
"15668","5320758"
"13982","4809145"
"14630","5004312"
"14804","5057063"
"13286","4611620"
"15097","5156896"
"14275","4895117"
"13127","4569539"
"13871","4776126"
"13965","4803385"
"16617","5579574"
"13017","4535810"
"12341","4322175"
"14887","5083335"
"13101","4563210"
"13719","4733446"
"12333","4320705"
"16388","5543121"
"13059","4545803"
"16231","5497339"
"13780","4752800"
"14580","4986417"
"14543","4974254"
"12663","4426314"
"14639","5010481"
"14654","5019492"
"15767","5347014"
"14743","5041487"
"15670","5320983"
"13672","4721457"
"15178","5181712"
"13609","4706028"
"16200","5485377"
"12436","4360174"
"14556","4977981"
"16376","5538649"
"12922","4510476"
"14315","4906932"
"15519","5292516"
"16691","5610767"
"15112","5161100"
"13330","4619896"
"15470","5274486"
"12482","4372389"
"12971","4521856"
"15467","5273998"
"12524","4385781"
"15782","5349646"
"14272","4894477"
"12583","4401698"
"14039","4827464"
"14567","4982109"
"12866","4494129"
"14353","4920070"
"16236","5499073"
"13594","4701672"
"12698","4442305"
"13912","4786864"
"12250","4298845"
"12325","4319276"
"15463","5273437"
"13170","4582087"
"13591","4700444"
"13919","4787855"
"12753","4464311"
"14412","4934456"
"14248","4887314"
"12693","4441818"
"15216","5189088"
"12453","4364696"
"14555","4977795"
"16597","5574910"
"12129","4255999"
"12795","4473513"
"15963","5406138"
"12877","4496431"
"13909","4786087"
"13895","4783197"
"15111","5161077"
"13142","4574994"
"13637","4710179"
"12278","4305592"
"15490","5284910"
"12302","4315052"
"12791","4472773"
"16309","5520835"
"13961","4802594"
"13271","4606304"
"14677","5024851"
"12856","4491314"
"14052","4830060"
"14048","4829443"
"14588","4988495"
"13266","4605577"
"16340","5529663"
"13133","4570636"
"13429","4648936"
"15036","5134188"
"12974","4522355"
"13658","4716047"
"12533","4389081"
"14908","5089870"
"13868","4775184"
"15780","5349495"
"13629","4708891"
"14017","4820886"
"13924","4788544"
"14093","4840704"
"13094","4561738"
"15387","5250381"
"13742","4739843"
"15698","5326134"
"16136","5466353"
"12714","4449044"
"14176","4866101"
"13737","4738872"
"12493","4376150"
"15176","5181542"
"15794","5352400"
"13540","4684543"
"12369","4331426"
"13606","4705047"
"15167","5178862"
"15429","5262915"
"14099","4842845"
"13870","4775453"
"12943","4516001"
"15795","5352880"
"13764","4747768"
"14141","4854187"
"12803","4474814"
"15321","5231284"
"15917","5387908"
"12362","4329038"
"12203","4280875"
"16333","5527861"
"12972","4521956"
"15856","5369125"
"12334","4321005"
"16678","5605559"
"14066","4834103"
"12760","4465213"
"12318","4318020"
"14595","4991436"
"13516","4675786"
"14170","4863832"
"14045","4828927"
"14667","5022686"
"16421","5552689"
"13444","4652539"
"12600","4405900"
"15674","5321814"
"14474","4950678"
"13018","4535930"
"13523","4679402"
"13570","4692743"
"14240","4883173"
"12487","4375211"
"14512","4965873"
"16287","5511936"
"12597","4405360"
"12873","4496037"
"13539","4684525"
"14910","5090765"
"12627","4415220"
"14334","4913239"
"15986","5415963"
"16317","5522720"
"13024","4537327"
"13746","4741091"
"14612","4999346"
"15517","5292274"
"13138","4573743"
"15399","5254621"
"12953","4517962"
"15151","5175617"
"15407","5256887"
"16651","5594850"
"12450","4363702"
"13282","4611055"
"14813","5060336"
"13415","4644369"
"16254","5503368"
"13491","4667946"
"13445","4653076"
"15370","5246092"
"13267","4606041"
"13270","4606294"
"14645","5016774"
"12617","4410755"
"15421","5260567"
"14996","5121380"
"13759","4745826"
"14293","4901008"
"14928","5094795"
"16332","5527486"
"15474","5276683"
"12490","4375723"
"12415","4350911"
"12276","4305301"
"14312","4906420"
"15851","5367272"
"15016","5127046"
"16384","5541293"
"13040","4540069"
"13095","4561834"
"15227","5193522"
"16071","5445112"
"16425","5554527"
"14443","4942012"
"12587","4402218"
"13409","4640400"
"15278","5219840"
"15050","5142667"
"14202","4873080"
"12304","4315239"
"12576","4398701"
"14406","4933362"
"16612","5578504"
"12870","4495076"
"16307","5520235"
"15982","5415318"
"16395","5544412"
"12669","4427970"
"13484","4665235"
"15883","5378257"
"12898","4505116"
"12950","4517507"
"15057","5146025"
"13326","4619406"
"12790","4472484"
"15181","5182772"
"12462","4367060"
"14582","4987062"
"16310","5520970"
"14136","4853243"
"14469","4949672"
"15439","5266573"
"14222","4877799"
"14420","4936211"
"16112","5456809"
"13077","4555032"
"14290","4900210"
"13580","4696952"
"15978","5414877"
"12495","4376518"
"14184","4868815"
"12402","4343614"
"12694","4441836"
"14112","4846042"
"13076","4554897"
"16698","5613626"
"15255","5204370"
"12098","4247150"
"14851","5073450"
"14409","4933949"
"14591","4989222"
"12598","4405569"
"15921","5388350"
"12845","4486999"
"13650","4714023"
"16209","5488311"
"13209","4594158"
"16023","5428169"
"13229","4598468"
"16027","5429042"
"12506","4378783"
"14506","4965124"
"14605","4995275"
"15797","5353769"
"13524","4679813"
"13558","4689975"
"16025","5428629"
"14892","5085587"
"12804","4474909"
"12624","4412588"
"14797","5054211"
"13936","4793226"
"12872","4495573"
"14322","4910721"
"14671","5024020"
"13548","4686688"
"15663","5319257"
"14825","5063892"
"16152","5471669"
"14313","4906681"
"14816","5061197"
"16292","5512921"
"14015","4820400"
"12420","4352537"
"12745","4461968"
"16234","5498413"
"14185","4869079"
"12548","4391723"
"12902","4505601"
"12475","4371143"
"12308","4315583"
"16561","5560967"
"14078","4837226"
"12204","4281005"
"15192","5184225"
"13307","4615455"
"14479","4954219"
"14616","5000589"
"13406","4639854"
"14384","4926504"
"13794","4755200"
"12573","4397424"
"13735","4738668"
"16629","5585382"
"16339","5529315"
"14761","5046487"
"14882","5081571"
"16385","5541835"
"12994","4530211"
"13631","4709185"
"14584","4987761"
"13251","4602472"
"14734","5038624"
"13807","4758925"
"14540","4973465"
"12139","4257760"
"13585","4699958"
"14811","5059795"
"13383","4633663"
"14259","4890677"
"15169","5179632"
"15789","5351131"
"16197","5484679"
"13169","4581804"
"16585","5569998"
"16637","5589787"
"13099","4562680"
"14049","4829754"
"13885","4781233"
"15021","5128786"
"15144","5171708"
"14075","4836852"
"12787","4472337"
"12476","4371349"
"14366","4923624"
"13042","4540634"
"15804","5356743"
"12480","4371931"
"13194","4589595"
"15102","5157493"
"12609","4407909"
"12908","4507022"
"15310","5228802"
"12759","4465044"
"16647","5593537"
"13389","4634634"
"13988","4810723"
"16315","5522386"
"13072","4551610"
"15888","5380086"
"13230","4598518"
"14423","4936623"
"14760","5046446"
"15747","5340489"
"14250","4887927"
"15082","5152660"
"15914","5387317"
"12644","4420496"
"12874","4496066"
"13699","4727173"
"13339","4623916"
"16020","5427582"
"12289","4311759"
"13601","4704630"
"14147","4856036"
"14879","5080776"
"15418","5259700"
"13974","4806946"
"14579","4986145"
"12776","4469218"
"12891","4503220"
"16671","5601902"
"14542","4974189"
"15499","5286340"
"12384","4336368"
"12459","4366321"
"14692","5028260"
"16643","5591320"
"12633","4417924"
"15881","5377677"
"15871","5373935"
"15357","5242514"
"16005","5421981"
"13987","4810351"
"14705","5030739"
"12193","4276484"
"16410","5547863"
"15030","5132356"
"16373","5537659"
"14019","4821246"
"14715","5032421"
"14949","5100520"
"14747","5043685"
"15306","5227426"
"15186","5183564"
"13616","4706649"
"13393","4636071"
"12702","4444046"
"13617","4706926"
"14597","4991522"
"13918","4787605"
"12951","4517623"
"13947","4797661"
"13008","4533246"
"13879","4778608"
"16419","5552664"
"12258","4300968"
"13770","4750418"
"13052","4542417"
"13347","4625524"
"13622","4707835"
"13832","4764201"
"15134","5167644"
"14467","4948710"
"16114","5457394"
"16659","5597692"
"14883","5081721"
"12719","4449555"
"13054","4543170"
"14460","4947271"
"12846","4487198"
"13414","4644349"
"12762","4465433"
"13058","4545724"
"13817","4761057"
"14282","4896842"
"12178","4272392"
"12208","4283396"
"15673","5321732"
"15419","5259781"
"14090","4840000"
"14989","5119252"
"12649","4422594"
"15046","5141207"
"15412","5258671"
"16596","5574623"
"13037","4539757"
"15340","5236343"
"12226","4288942"
"12986","4527725"
"15934","5393526"
"15513","5290682"
"14473","4950449"
"15720","5333448"
"13048","4541900"
"14142","4854255"
"16662","5598845"
"12829","4482866"
"13163","4580301"
"13914","4787182"
"13188","4587509"
"15170","5179687"
"12596","4405286"
"15242","5198206"
"14752","5044945"
"13787","4753847"
"12711","4448054"
"13249","4602208"
"15792","5351986"
"13365","4628898"
"14138","4853895"
"15750","5341518"
"12290","4311978"
"15208","5186449"
"12425","4354812"
"13931","4791805"
"16109","5456387"
"16362","5534407"
"12529","4387865"
"12071","4240407"
"16033","5431740"
"14214","4875820"
"15124","5164660"
"13359","4627560"
"15195","5184594"
"13141","4573969"
"16319","5523030"
"16687","5608981"
"13460","4655261"
"15909","5384964"
"16038","5434710"
"12852","4489323"
"13283","4611128"
"14228","4880105"
"15131","5166834"
"13312","4616089"
"15635","5316866"
"12105","4248445"
"15083","5152728"
"15736","5336971"
"15882","5378051"
"14596","4991512"
"14032","4825865"
"12371","4331876"
"14513","4966782"
"13620","4707667"
"13684","4723514"
"14053","4830162"
"12724","4450789"
"12850","4488866"
"12181","4273120"
"12857","4491460"
"16255","5503646"
"13515","4675072"
"13200","4591686"
"14143","4854620"
"16655","5596141"
"12978","4524293"
"14739","5040668"
"13568","4692266"
"14517","4967606"
"13002","4531859"
"16330","5527001"
"14552","4977393"
"16043","5437143"
"13625","4708196"
"12557","4393317"
"13442","4652103"
"15949","5404306"
"12578","4399612"
"14001","4815940"
"16367","5536763"
"12381","4335334"
"13755","4744859"
"16327","5526512"
"12646","4420896"
"12552","4392560"
"14941","5098052"
"16697","5613434"
"14647","5017919"
"13066","4549295"
"12771","4468883"
"13536","4682740"
"12348","4324224"
"12323","4319058"
"14799","5055700"
"12797","4473726"
"14410","4934096"
"16324","5525823"
"15773","5347883"
"15092","5155238"
"16072","5445162"
"12523","4385410"
"14057","4831359"
"14857","5075759"
"14995","5120946"
"16562","5561160"
"12612","4408870"
"14529","4968999"
"15222","5192664"
"14144","4854730"
"13145","4575872"
"12671","4428463"
"14430","4937913"
"12350","4325191"
"12632","4416989"
"14862","5077824"
"15459","5271803"
"16091","5452976"
"16193","5484178"
"12962","4518943"
"12816","4479159"
"16313","5521955"
"15391","5252085"
"14915","5092170"
"12757","4464850"
"12815","4478524"
"13960","4801847"
"14564","4981165"
"12134","4257472"
"13358","4627460"
"14234","4881294"
"15880","5377278"
"12954","4518182"
"16000","5420023"
"12471","4369664"
"13553","4688306"
"14998","5121984"
"13426","4648082"
"13645","4712142"
"14253","4889653"
"13231","4598555"
"14574","4983370"
"15347","5238152"
"15161","5177259"
"13847","4770355"
"14521","4967854"
"15088","5153802"
"13411","4644158"
"12685","4439504"
"13284","4611238"
"15455","5271170"
"15878","5376922"
"15267","5215837"
"12380","4335282"
"15941","5400870"
"15035","5134003"
"13654","4714696"
"12383","4335777"
"14256","4890521"
"15994","5418168"
"15406","5256656"
"14742","5041242"
"15769","5347601"
"16708","5627230"
"16638","5589795"
"12352","4325635"
"16301","5518012"
"12775","4469201"
"13556","4689731"
"13615","4706620"
"12730","4452597"
"16059","5441590"
"16598","5575585"
"16386","5542446"
"12138","4257752"
"14330","4912831"
"13808","4759361"
"15271","5217718"
"12426","4355715"
"16275","5509107"
"15096","5156187"
"13775","4751896"
"13929","4790221"
"16100","5454297"
"12326","4319612"
"14051","4830052"
"15352","5239269"
"16065","5443907"
"16163","5476663"
"12343","4322477"
"14445","4943462"
"16645","5591515"
"13128","4569576"
"13463","4656606"
"15055","5144480"
"15723","5333757"
"12539","4390835"
"15431","5263351"
"12460","4366360"
"13264","4604923"
"15033","5133005"
"16654","5595555"
"12574","4398450"
"15999","5419984"
"14839","5068031"
"13989","4810969"
"12903","4506065"
"13371","4629514"
"14680","5025295"
"15276","5219227"
"15966","5409397"
"12717","4449457"
"14546","4975578"
"12842","4486308"
"14061","4832086"
"12673","4429348"
"16237","5499666"
"13177","4584472"
"12363","4329614"
"13900","4783943"
"15342","5236627"
"12542","4391026"
"12961","4518907"
"13238","4599790"
"14826","5064099"
"12342","4322406"
"13349","4626301"
"16014","5425965"
"16244","5501125"
"13186","4587366"
"13325","4618940"
"15118","5162738"
"13202","4591871"
"16356","5533419"
"12200","4280458"
"12260","4301856"
"14255","4890397"
"12534","4389455"
"16394","5544049"
"13372","4629722"
"13557","4689875"
"13644","4712060"
"13768","4749997"
"15215","5189018"
"16045","5437627"
"16392","5543554"
"12162","4263157"
"13240","4600096"
"15591","5299659"
"14508","4965465"
"15362","5244110"
"12820","4479806"
"16267","5506243"
"13677","4721909"
"12970","4520573"
"14091","4840213"
"16635","5588529"
"14123","4848141"
"15667","5320749"
"12796","4473631"
"13437","4650948"
"13440","4651689"
"13686","4724025"
"15765","5346380"
"13038","4539914"
"13340","4624470"
"16586","5570099"
"15802","5355890"
"12431","4358846"
"12875","4496130"
"15451","5270417"
"15975","5413781"
"15988","5416240"
"14211","4874790"
"15319","5231096"
"14271","4892565"
"16009","5422952"
"12451","4363905"
"13648","4712792"
"15803","5356598"
"16416","5550315"
"13401","4638356"
"14913","5091733"
"15331","5232778"
"14044","4828590"
"12802","4474667"
"13265","4605563"
"14016","4820840"
"12410","4348137"
"14092","4840614"
"12713","4448386"
"12532","4388890"
"12519","4382578"
"12521","4384126"
"16630","5585648"
"15993","5417775"
"15889","5380171"
"14208","4874128"
"13555","4689007"
"16613","5578853"
"12499","4377040"
"16657","5596292"
"12213","4284943"
"13696","4725673"
"12254","4300119"
"14316","4907598"
"16634","5588451"
"16713","5629470"
"12747","4462525"
"15754","5341866"
"15771","5347622"
"13727","4735459"
"15449","5269124"
"13840","4768358"
"15084","5152855"
"15509","5289112"
"12272","4304072"
"16420","5552677"
"15440","5266996"
"16303","5519641"
"16570","5563636"
"13531","4681552"
"13255","4603472"
"13865","4774400"
"16021","5427832"
"16265","5506018"
"14133","4850641"
"15575","5298164"
"14710","5031487"
"12372","4333824"
"12590","4403698"
"12780","4469981"
"12772","4468979"
"16556","5560440"
"13822","4762206"
"14347","4918035"
"15481","5280010"
"16141","5467919"
"13574","4694469"
"14689","5027070"
"15853","5368216"
"14007","4818266"
"16349","5531774"
"16646","5591888"
"14094","4841780"
"12335","4321392"
"16575","5566208"
"12593","4404818"
"13532","4682274"
"12245","4296627"
"13999","4814360"
"15056","5144537"
"15741","5339393"
"16707","5626897"
"15482","5280345"
"15415","5259090"
"13958","4801632"
"13477","4663027"
"14351","4919210"
"12562","4394933"
"12110","4249478"
"14369","4923869"
"16246","5501431"
"13550","4687595"
"15397","5254544"
"14145","4854853"
"14971","5110675"
"14191","4870136"
"14618","5001480"
"13197","4590390"
"13352","4626586"
"12755","4464757"
"15234","5196331"
"14852","5074192"
"12919","4510094"
"13575","4694686"
"16187","5482750"
"16370","5537172"
"16568","5563068"
"12601","4406314"
"13537","4683485"
"14408","4933735"
"12987","4527785"
"15381","5248099"
"13854","4772309"
"15379","5247375"
"16042","5436699"
"12347","4324083"
"14865","5078068"
"15446","5267642"
"12778","4469424"
"15177","5181664"
"12390","4338551"
"12233","4291547"
"13795","4755411"
"12849","4488395"
"13940","4795782"
"16674","5603654"
"12088","4245071"
"12643","4420199"
"14013","4820179"
"14179","4867248"
"16711","5628754"
"13888","4781646"
"14871","5079588"
"15874","5374762"
"15275","5219041"
"15115","5162264"
"16354","5532608"
"14611","4999079"
"12838","4485271"
"16129","5465172"
"12330","4320038"
"12657","4425310"
"14390","4930365"
"13056","4544264"
"12695","4441866"
"13732","4737729"
"13694","4725170"
"15152","5175773"
"15231","5194874"
"16145","5468906"
"16250","5502815"
"14725","5035972"
"13189","4588367"
"14457","4945790"
"14634","5006446"
"13771","4750821"
"12689","4440586"
"15900","5383144"
"13972","4805896"
"15805","5356928"
"14033","4826123"
"12440","4361121"
"14750","5044250"
"13513","4674747"
"16060","5441625"
"14599","4991914"
"14405","4933072"
"16364","5535251"
"12565","4396267"
"15505","5287509"
"15272","5217919"
"14127","4849604"
"13461","4655672"
"13367","4629174"
"12443","4361705"
"13551","4687780"
"14089","4839953"
"14592","4989492"
"14485","4955086"
"12307","4315545"
"14036","4826714"
"14464","4947976"
"14638","5010305"
"13563","4691595"
"13033","4539336"
"12900","4505306"
"13218","4595391"
"12739","4454829"
"14856","5075505"
"15783","5349768"
"15844","5366117"
"13726","4735451"
"14218","4876597"
"12191","4276051"
"13639","4710614"
"14131","4850255"
"12526","4386735"
"16712","5628959"
"12642","4420154"
"16288","5512000"
"12256","4300506"
"15377","5247082"
"12631","4416821"
"16120","5460285"
"13428","4648573"
"12975","4522604"
"12072","4240417"
"12808","4475478"
"15724","5333861"
"13007","4533060"
"14031","4825218"
"14571","4982700"
"15032","5132678"
"14979","5114428"
"14840","5068736"
"15864","5370497"
"16028","5430260"
"14763","5046685"
"14413","4934646"
"12507","4379117"
"12547","4391673"
"15469","5274106"
"13816","4760984"
"14054","4830562"
"14999","5122995"
"13705","4728945"
"14587","4988388"
"12912","4508065"
"14417","4935877"
"13451","4654009"
"12764","4465757"
"14803","5056626"
"13526","4680577"
"15850","5367043"
"12881","4499681"
"14121","4847931"
"14802","5056607"
"16085","5449419"
"15133","5167444"
"16649","5594710"
"12793","4473037"
"15213","5188689"
"15821","5360418"
"15263","5211551"
"16407","5547075"
"12960","4518850"
"15892","5380715"
"15201","5185883"
"14777","5049037"
"12588","4402419"
"15199","5185030"
"14643","5014402"
"14869","5078896"
"14885","5082671"
"14478","4953890"
"13634","4709617"
"12396","4341030"
"13605","4704961"
"16699","5621470"
"13408","4640299"
"12935","4513684"
"15382","5248136"
"13185","4587305"
"12806","4475080"
"15247","5201352"
"13713","4731762"
"15005","5123761"
"15323","5231413"
"13985","4809676"
"15026","5130382"
"14360","4921621"
"12294","4313179"
"15948","5403643"
"16371","5537308"
"12116","4252426"
"12408","4346404"
"14704","5030688"
"15125","5164775"
"15020","5128189"
"16375","5538641"
"13823","4762395"
"12401","4343558"
"15903","5383598"
"14897","5086857"
"13763","4747554"
"15128","5166344"
"15058","5146235"
"13250","4602342"
"13583","4698930"
"13115","4566340"
"13738","4739117"
"16381","5539771"
"13013","4534896"
"13300","4614785"
"13798","4756540"
"16281","5510315"
"14394","4931351"
"13452","4654054"
"14992","5119995"
"13338","4623840"
"12949","4517467"
"13926","4789542"
"12615","4409980"
"12744","4461893"
