"university_id","survey_year","non_teaching_staff_count_id"
"0316","2015","588158"
"0316","2015","588159"
"0160","2015","588173"
"0160","2015","588174"
"0160","2015","588175"
"0160","2015","588176"
"0160","2015","588177"
"0104","2015","588295"
"0104","2015","588296"
"0104","2015","588297"
"0104","2015","588298"
"0171","2015","588392"
"0171","2015","588393"
"0171","2015","588394"
"0171","2015","588395"
"0341","2015","588459"
"0341","2015","588460"
"0341","2015","588461"
"0146","2015","439603"
"0146","2015","439604"
"0146","2015","439605"
"0627","2015","440443"
"0627","2015","440444"
"0627","2015","440445"
"0627","2015","440446"
"0045","2015","444417"
"0045","2015","444418"
"0045","2015","444419"
"0045","2015","444420"
"0045","2015","444421"
"0045","2015","444422"
"0045","2015","444423"
"0750","2015","445125"
"0750","2015","445126"
"0750","2015","445127"
"0750","2015","445128"
"0750","2015","445129"
"0750","2015","445130"
"0750","2015","445131"
"0750","2015","445132"
"0750","2015","445133"
"0750","2015","445134"
"0750","2015","445135"
"0750","2015","445136"
"0750","2015","445137"
"0750","2015","445138"
"0750","2015","445139"
"0750","2015","445140"
"0471","2015","445546"
"0471","2015","445547"
"0471","2015","445548"
"0471","2015","445549"
"0471","2015","445550"
"0471","2015","445551"
"0471","2015","445552"
"0471","2015","445553"
"0471","2015","445554"
"0471","2015","445555"
"0505","2015","445569"
"0365","2015","445904"
"0365","2015","445905"
"0365","2015","445906"
"0268","2015","446408"
"0268","2015","446409"
"0268","2015","446410"
"0268","2015","446411"
"0268","2015","446412"
"0268","2015","446413"
"0268","2015","446414"
"0268","2015","446415"
"0173","2015","448710"
"0173","2015","448711"
"0173","2015","448712"
"0173","2015","448713"
"0103","2015","449148"
"0103","2015","449149"
"0103","2015","449150"
"0103","2015","449151"
"0103","2015","449152"
"0103","2015","449153"
"0122","2015","449307"
"0122","2015","449308"
"0122","2015","449309"
"0122","2015","449310"
"0122","2015","449311"
"0580","2015","449604"
"0580","2015","449605"
"0145","2015","450159"
"0145","2015","450160"
"0145","2015","450161"
"0145","2015","450162"
"0464","2015","450354"
"0464","2015","450355"
"0464","2015","450356"
"0464","2015","450357"
"0464","2015","450358"
"0303","2015","452193"
"0303","2015","452194"
"0303","2015","452195"
"0303","2015","452196"
"0303","2015","452197"
"0303","2015","452198"
"0303","2015","452199"
"0138","2015","452310"
"0138","2015","452311"
"0138","2015","452312"
"0138","2015","452313"
"0636","2015","452552"
"0636","2015","452553"
"0636","2015","452554"
"0636","2015","452555"
"0636","2015","452556"
"0636","2015","452557"
"0636","2015","452558"
"0636","2015","452559"
"0636","2015","452560"
"0636","2015","452561"
"0636","2015","452562"
"0636","2015","452563"
"0636","2015","452564"
"0778","2015","454158"
"0778","2015","454159"
"0778","2015","454160"
"0778","2015","454161"
"0778","2015","454162"
"0778","2015","454163"
"0165","2015","454188"
"0165","2015","454189"
"0165","2015","454190"
"0165","2015","454191"
"0649","2015","454736"
"0649","2015","454737"
"0649","2015","454738"
"0649","2015","454739"
"0649","2015","454740"
"0131","2015","455790"
"0131","2015","455791"
"0131","2015","455792"
"0131","2015","455793"
"0131","2015","455794"
"0131","2015","455795"
"0131","2015","455796"
"0152","2015","455991"
"0152","2015","455992"
"0152","2015","455993"
"0152","2015","455994"
"0152","2015","455995"
"0152","2015","455996"
"0126","2015","456459"
"0126","2015","456460"
"0126","2015","456461"
"0142","2015","456960"
"0142","2015","456961"
"0142","2015","456962"
"0142","2015","456963"
"0142","2015","456964"
"0635","2015","457677"
"0635","2015","457678"
"0734","2015","457943"
"0734","2015","457944"
"0734","2015","457945"
"0734","2015","457946"
"0734","2015","457947"
"0368","2015","458085"
"0368","2015","458086"
"0240","2015","458110"
"0128","2015","458167"
"0128","2015","458168"
"0128","2015","458169"
"0128","2015","458170"
"0128","2015","458171"
"0128","2015","458172"
"0128","2015","458173"
"0128","2015","458174"
"0128","2015","458175"
"0128","2015","458176"
"0658","2015","458454"
"0658","2015","458455"
"0658","2015","458456"
"0658","2015","458457"
"0125","2015","459169"
"0125","2015","459170"
"0125","2015","459171"
"0125","2015","459172"
"0578","2015","459368"
"0578","2015","459369"
"0578","2015","459370"
"0578","2015","459371"
"0593","2015","459602"
"0593","2015","459603"
"0593","2015","459604"
"0593","2015","459605"
"0593","2015","459606"
"0593","2015","459607"
"0593","2015","459608"
"0593","2015","459609"
"0127","2015","459756"
"0127","2015","459757"
"0127","2015","459758"
"0127","2015","459759"
"0127","2015","459760"
"0127","2015","459761"
"0127","2015","459762"
"0127","2015","459763"
"0127","2015","459764"
"0127","2015","459765"
"0594","2015","460494"
"0591","2015","461190"
"0591","2015","461191"
"0591","2015","461192"
"0591","2015","461193"
"0591","2015","461194"
"0591","2015","461195"
"0788","2015","461476"
"0788","2015","461477"
"0123","2015","461744"
"0123","2015","461745"
"0123","2015","461746"
"0123","2015","461747"
"0625","2015","461794"
"0625","2015","461795"
"0625","2015","461796"
"0625","2015","461797"
"0232","2015","463191"
"0782","2015","465088"
"0783","2015","465214"
"0494","2015","466454"
"0494","2015","466455"
"0494","2015","466456"
"0494","2015","466457"
"0378","2015","466682"
"0378","2015","466683"
"0378","2015","466684"
"0057","2015","466856"
"0057","2015","466857"
"0057","2015","466858"
"0057","2015","466859"
"0057","2015","466860"
"0057","2015","466861"
"0354","2015","467074"
"0354","2015","467075"
"0354","2015","467076"
"0354","2015","467077"
"0218","2015","467556"
"0218","2015","467557"
"0218","2015","467558"
"0218","2015","467559"
"0250","2015","468652"
"0250","2015","468653"
"0250","2015","468654"
"0250","2015","468655"
"0250","2015","468656"
"0250","2015","468657"
"0250","2015","468658"
"0250","2015","468659"
"0670","2015","468730"
"0670","2015","468731"
"0670","2015","468732"
"0670","2015","468733"
"0670","2015","468734"
"0670","2015","468735"
"0588","2015","468764"
"0588","2015","468765"
"0588","2015","468766"
"0588","2015","468767"
"0588","2015","468768"
"0588","2015","468769"
"0588","2015","468770"
"0588","2015","468771"
"0588","2015","468772"
"0588","2015","468773"
"0588","2015","468774"
"0775","2015","469345"
"0132","2015","470246"
"0132","2015","470247"
"0132","2015","470248"
"0132","2015","470249"
"0132","2015","470250"
"0132","2015","470251"
"0132","2015","470252"
"0132","2015","470253"
"0572","2015","470674"
"0572","2015","470675"
"0572","2015","470676"
"0572","2015","470677"
"0572","2015","470678"
"0572","2015","470679"
"0153","2015","471891"
"0153","2015","471892"
"0153","2015","471893"
"0153","2015","471894"
"0153","2015","471895"
"0153","2015","471896"
"0130","2015","471975"
"0130","2015","471976"
"0130","2015","471977"
"0130","2015","471978"
"0595","2015","471982"
"0595","2015","471983"
"0595","2015","471984"
"0595","2015","471985"
"0595","2015","471986"
"0595","2015","471987"
"0595","2015","471988"
"0765","2015","472911"
"0765","2015","472912"
"0765","2015","472913"
"0663","2015","473350"
"0663","2015","473351"
"0663","2015","473352"
"0663","2015","473353"
"0663","2015","473354"
"0663","2015","473355"
"0663","2015","473356"
"0647","2015","473974"
"0647","2015","473975"
"0647","2015","473976"
"0647","2015","473977"
"0793","2015","474031"
"0597","2015","474193"
"0597","2015","474194"
"0571","2015","474656"
"0571","2015","474657"
"0571","2015","474658"
"0571","2015","474659"
"0571","2015","474660"
"0133","2015","475093"
"0133","2015","475094"
"0133","2015","475095"
"0133","2015","475096"
"0135","2015","475596"
"0135","2015","475597"
"0135","2015","475598"
"0135","2015","475599"
"0135","2015","475600"
"0135","2015","475601"
"0136","2015","475807"
"0136","2015","475808"
"0136","2015","475809"
"0136","2015","475810"
"0136","2015","475811"
"0136","2015","475812"
"0136","2015","475813"
"0136","2015","475814"
"0136","2015","475815"
"0136","2015","475816"
"0136","2015","475817"
"0136","2015","475818"
"0708","2015","476110"
"0708","2015","476111"
"0708","2015","476112"
"0708","2015","476113"
"0708","2015","476114"
"0708","2015","476115"
"0668","2015","476138"
"0668","2015","476139"
"0668","2015","476140"
"0668","2015","476141"
"0702","2015","476794"
"0702","2015","476795"
"0702","2015","476796"
"0702","2015","476797"
"0702","2015","476798"
"0702","2015","476799"
"0702","2015","476800"
"0702","2015","476801"
"0702","2015","476802"
"0759","2015","476843"
"0759","2015","476844"
"0753","2015","476970"
"0753","2015","476971"
"0753","2015","476972"
"0753","2015","476973"
"0753","2015","476974"
"0753","2015","476975"
"0753","2015","476976"
"0753","2015","476977"
"0602","2015","477380"
"0147","2015","477618"
"0147","2015","477619"
"0147","2015","477620"
"0147","2015","477621"
"0134","2015","477652"
"0134","2015","477653"
"0134","2015","477654"
"0134","2015","477655"
"0134","2015","477656"
"0134","2015","477657"
"0134","2015","477658"
"0134","2015","477659"
"0134","2015","477660"
"0134","2015","477661"
"0140","2015","477916"
"0140","2015","477917"
"0140","2015","477918"
"0140","2015","477919"
"0140","2015","477920"
"0140","2015","477921"
"0148","2015","478051"
"0148","2015","478052"
"0148","2015","478053"
"0148","2015","478054"
"0148","2015","478055"
"0148","2015","478056"
"0219","2015","478201"
"0219","2015","478202"
"0219","2015","478203"
"0219","2015","478204"
"0219","2015","478205"
"0219","2015","478206"
"0219","2015","478207"
"0219","2015","478208"
"0154","2015","478224"
"0154","2015","478225"
"0154","2015","478226"
"0154","2015","478227"
"0154","2015","478228"
"0154","2015","478229"
"0154","2015","478230"
"0154","2015","478231"
"0044","2015","478327"
"0044","2015","478328"
"0044","2015","478329"
"0044","2015","478330"
"0044","2015","478331"
"0044","2015","478332"
"0124","2015","478465"
"0124","2015","478466"
"0124","2015","478467"
"0124","2015","478468"
"0589","2015","479164"
"0589","2015","479165"
"0589","2015","479166"
"0714","2015","479218"
"0714","2015","479219"
"0706","2015","479588"
"0129","2015","479632"
"0129","2015","479633"
"0129","2015","479634"
"0129","2015","479635"
"0129","2015","479636"
"0129","2015","479637"
"0129","2015","479638"
"0129","2015","479639"
"0511","2015","479700"
"0511","2015","479701"
"0511","2015","479702"
"0511","2015","479703"
"0511","2015","479704"
"0151","2015","479950"
"0151","2015","479951"
"0151","2015","479952"
"0151","2015","479953"
"0215","2015","480359"
"0215","2015","480360"
"0215","2015","480361"
"0215","2015","480362"
"0215","2015","480363"
"0215","2015","480364"
"0182","2015","480370"
"0182","2015","480371"
"0182","2015","480372"
"0182","2015","480373"
"0182","2015","480374"
"0380","2015","480623"
"0380","2015","480624"
"0380","2015","480625"
"0380","2015","480626"
"0010","2015","480751"
"0010","2015","480752"
"0010","2015","480753"
"0010","2015","480754"
"0010","2015","480755"
"0010","2015","480756"
"0175","2015","481178"
"0175","2015","481179"
"0175","2015","481180"
"0175","2015","481181"
"0175","2015","481182"
"0175","2015","481183"
"0175","2015","481184"
"0157","2015","481338"
"0157","2015","481339"
"0157","2015","481340"
"0157","2015","481341"
"0790","2015","481871"
"0790","2015","481872"
"0790","2015","481873"
"0790","2015","481874"
"0790","2015","481875"
"0660","2015","482155"
"0660","2015","482156"
"0660","2015","482157"
"0660","2015","482158"
"0119","2015","482826"
"0601","2015","482940"
"0601","2015","482941"
"0601","2015","482942"
"0576","2015","483179"
"0576","2015","483180"
"0576","2015","483181"
"0576","2015","483182"
"0576","2015","483183"
"0576","2015","483184"
"0576","2015","483185"
"0576","2015","483186"
"0576","2015","483187"
"0576","2015","483188"
"0193","2015","483447"
"0193","2015","483448"
"0193","2015","483449"
"0193","2015","483450"
"0193","2015","483451"
"0193","2015","483452"
"0193","2015","483453"
"0193","2015","483454"
"0193","2015","483455"
"0193","2015","483456"
"0792","2015","483541"
"0792","2015","483542"
"0792","2015","483543"
"0792","2015","483544"
"0296","2015","483662"
"0296","2015","483663"
"0296","2015","483664"
"0296","2015","483665"
"0296","2015","483666"
"0450","2015","483695"
"0450","2015","483696"
"0450","2015","483697"
"0450","2015","483698"
"0450","2015","483699"
"0450","2015","483700"
"0244","2015","483768"
"0244","2015","483769"
"0244","2015","483770"
"0244","2015","483771"
"0244","2015","483772"
"0244","2015","483773"
"0244","2015","483774"
"0370","2015","484297"
"0370","2015","484298"
"0370","2015","484299"
"0370","2015","484300"
"0798","2015","484448"
"0746","2015","484791"
"0746","2015","484792"
"0746","2015","484793"
"0746","2015","484794"
"0810","2015","484845"
"0502","2015","485085"
"0502","2015","485086"
"0502","2015","485087"
"0502","2015","485088"
"0502","2015","485089"
"0502","2015","485090"
"0781","2015","485911"
"0781","2015","485912"
"0781","2015","485913"
"0781","2015","485914"
"0781","2015","485915"
"0738","2015","487448"
"0738","2015","487449"
"0738","2015","487450"
"0738","2015","487451"
"0738","2015","487452"
"0738","2015","487453"
"0374","2015","487834"
"0374","2015","487835"
"0374","2015","487836"
"0374","2015","487837"
"0641","2015","487904"
"0641","2015","487905"
"0641","2015","487906"
"0641","2015","487907"
"0641","2015","487908"
"0641","2015","487909"
"0051","2015","488108"
"0051","2015","488109"
"0051","2015","488110"
"0051","2015","488111"
"0167","2015","488119"
"0167","2015","488120"
"0167","2015","488121"
"0167","2015","488122"
"0345","2015","488127"
"0345","2015","488128"
"0345","2015","488129"
"0345","2015","488130"
"0345","2015","488131"
"0345","2015","488132"
"0345","2015","488133"
"0345","2015","488134"
"0617","2015","488269"
"0617","2015","488270"
"0617","2015","488271"
"0617","2015","488272"
"0617","2015","488273"
"0186","2015","488385"
"0186","2015","488386"
"0186","2015","488387"
"0186","2015","488388"
"0186","2015","488389"
"0186","2015","488390"
"0249","2015","489119"
"0249","2015","489120"
"0249","2015","489121"
"0249","2015","489122"
"0137","2015","489170"
"0137","2015","489171"
"0137","2015","489172"
"0137","2015","489173"
"0137","2015","489174"
"0137","2015","489175"
"0137","2015","489176"
"0137","2015","489177"
"0137","2015","489178"
"0137","2015","489179"
"0137","2015","489180"
"0768","2015","489516"
"0768","2015","489517"
"0768","2015","489518"
"0768","2015","489519"
"0310","2015","489732"
"0310","2015","489733"
"0310","2015","489734"
"0310","2015","489735"
"0310","2015","489736"
"0310","2015","489737"
"0699","2015","490066"
"0699","2015","490067"
"0699","2015","490068"
"0699","2015","490069"
"0699","2015","490070"
"0699","2015","490071"
"0699","2015","490072"
"0699","2015","490073"
"0699","2015","490074"
"0699","2015","490075"
"0565","2015","490207"
"0565","2015","490208"
"0349","2015","490483"
"0349","2015","490484"
"0297","2015","490516"
"0297","2015","490517"
"0297","2015","490518"
"0297","2015","490519"
"0297","2015","490520"
"0272","2015","491085"
"0272","2015","491086"
"0272","2015","491087"
"0272","2015","491088"
"0272","2015","491089"
"0234","2015","491165"
"0586","2015","491825"
"0586","2015","491826"
"0586","2015","491827"
"0586","2015","491828"
"0586","2015","491829"
"0586","2015","491830"
"0586","2015","491831"
"0352","2015","492116"
"0352","2015","492117"
"0352","2015","492118"
"0352","2015","492119"
"0352","2015","492120"
"0352","2015","492121"
"0352","2015","492122"
"0352","2015","492123"
"0537","2015","492134"
"0537","2015","492135"
"0537","2015","492136"
"0537","2015","492137"
"0537","2015","492138"
"0537","2015","492139"
"0537","2015","492140"
"0537","2015","492141"
"0537","2015","492142"
"0358","2015","492317"
"0358","2015","492318"
"0686","2015","492626"
"0686","2015","492627"
"0686","2015","492628"
"0583","2015","492759"
"0583","2015","492760"
"0583","2015","492761"
"0583","2015","492762"
"0583","2015","492763"
"0583","2015","492764"
"0583","2015","492765"
"0327","2015","493891"
"0327","2015","493892"
"0327","2015","493893"
"0327","2015","493894"
"0353","2015","493993"
"0353","2015","493994"
"0353","2015","493995"
"0353","2015","493996"
"0353","2015","493997"
"0353","2015","493998"
"0353","2015","493999"
"0353","2015","494000"
"0305","2015","494117"
"0305","2015","494118"
"0305","2015","494119"
"0305","2015","494120"
"0305","2015","494121"
"0305","2015","494122"
"0288","2015","495065"
"0288","2015","495066"
"0288","2015","495067"
"0288","2015","495068"
"0288","2015","495069"
"0288","2015","495070"
"0288","2015","495071"
"0288","2015","495072"
"0281","2015","495280"
"0281","2015","495281"
"0105","2015","495806"
"0105","2015","495807"
"0105","2015","495808"
"0664","2015","496457"
"0664","2015","496458"
"0664","2015","496459"
"0664","2015","496460"
"0664","2015","496461"
"0664","2015","496462"
"0476","2015","496543"
"0476","2015","496544"
"0476","2015","496545"
"0476","2015","496546"
"0476","2015","496547"
"0476","2015","496548"
"0476","2015","496549"
"0476","2015","496550"
"0476","2015","496551"
"0476","2015","496552"
"0476","2015","496553"
"0640","2015","496663"
"0640","2015","496664"
"0640","2015","496665"
"0640","2015","496666"
"0640","2015","496667"
"0439","2015","496704"
"0314","2015","496949"
"0314","2015","496950"
"0314","2015","496951"
"0355","2015","497231"
"0355","2015","497232"
"0355","2015","497233"
"0355","2015","497234"
"0355","2015","497235"
"0355","2015","497236"
"0355","2015","497237"
"0355","2015","497238"
"0054","2015","497268"
"0054","2015","497269"
"0054","2015","497270"
"0054","2015","497271"
"0054","2015","497272"
"0054","2015","497273"
"0054","2015","497274"
"0054","2015","497275"
"0659","2015","497317"
"0659","2015","497318"
"0659","2015","497319"
"0308","2015","497894"
"0308","2015","497895"
"0308","2015","497896"
"0308","2015","497897"
"0308","2015","497898"
"0308","2015","497899"
"0400","2015","498541"
"0400","2015","498542"
"0400","2015","498543"
"0400","2015","498544"
"0400","2015","498545"
"0400","2015","498546"
"0400","2015","498547"
"0400","2015","498548"
"0400","2015","498549"
"0400","2015","498550"
"0400","2015","498551"
"0400","2015","498552"
"0400","2015","498553"
"0523","2015","498635"
"0523","2015","498636"
"0728","2015","498686"
"0728","2015","498687"
"0728","2015","498688"
"0569","2015","498783"
"0351","2015","499242"
"0083","2015","499310"
"0083","2015","499311"
"0083","2015","499312"
"0346","2015","499883"
"0346","2015","499884"
"0346","2015","499885"
"0346","2015","499886"
"0346","2015","499887"
"0328","2015","500314"
"0328","2015","500315"
"0328","2015","500316"
"0328","2015","500317"
"0386","2015","500567"
"0386","2015","500568"
"0386","2015","500569"
"0386","2015","500570"
"0386","2015","500571"
"0386","2015","500572"
"0386","2015","500573"
"0386","2015","500574"
"0386","2015","500575"
"0386","2015","500576"
"0386","2015","500577"
"0553","2015","501789"
"0553","2015","501790"
"0553","2015","501791"
"0553","2015","501792"
"0507","2015","502004"
"0507","2015","502005"
"0507","2015","502006"
"0507","2015","502007"
"0507","2015","502008"
"0507","2015","502009"
"0507","2015","502010"
"0507","2015","502011"
"0554","2015","502079"
"0554","2015","502080"
"0385","2015","502628"
"0385","2015","502629"
"0385","2015","502630"
"0385","2015","502631"
"0385","2015","502632"
"0385","2015","502633"
"0385","2015","502634"
"0385","2015","502635"
"0385","2015","502636"
"0385","2015","502637"
"0385","2015","502638"
"0691","2015","502724"
"0691","2015","502725"
"0691","2015","502726"
"0691","2015","502727"
"0143","2015","502783"
"0143","2015","502784"
"0143","2015","502785"
"0143","2015","502786"
"0143","2015","502787"
"0143","2015","502788"
"0143","2015","502789"
"0143","2015","502790"
"0143","2015","502791"
"0143","2015","502792"
"0143","2015","502793"
"0143","2015","502794"
"0143","2015","502795"
"0143","2015","502796"
"0143","2015","502797"
"0143","2015","502798"
"0531","2015","503000"
"0531","2015","503001"
"0531","2015","503002"
"0434","2015","503342"
"0794","2015","504016"
"0794","2015","504017"
"0794","2015","504018"
"0794","2015","504019"
"0794","2015","504020"
"0794","2015","504021"
"0541","2015","504200"
"0541","2015","504201"
"0541","2015","504202"
"0541","2015","504203"
"0541","2015","504204"
"0541","2015","504205"
"0541","2015","504206"
"0541","2015","504207"
"0528","2015","504509"
"0528","2015","504510"
"0528","2015","504511"
"0528","2015","504512"
"0528","2015","504513"
"0528","2015","504514"
"0528","2015","504515"
"0528","2015","504516"
"0528","2015","504517"
"0528","2015","504518"
"0373","2015","504793"
"0373","2015","504794"
"0373","2015","504795"
"0373","2015","504796"
"0373","2015","504797"
"0373","2015","504798"
"0275","2015","504848"
"0275","2015","504849"
"0275","2015","504850"
"0275","2015","504851"
"0275","2015","504852"
"0275","2015","504853"
"0275","2015","504854"
"0320","2015","504997"
"0320","2015","504998"
"0320","2015","504999"
"0552","2015","505082"
"0552","2015","505083"
"0552","2015","505084"
"0552","2015","505085"
"0419","2015","505329"
"0419","2015","505330"
"0419","2015","505331"
"0267","2015","505373"
"0267","2015","505374"
"0267","2015","505375"
"0267","2015","505376"
"0267","2015","505377"
"0267","2015","505378"
"0267","2015","505379"
"0267","2015","505380"
"0267","2015","505381"
"0458","2015","505535"
"0458","2015","505536"
"0458","2015","505537"
"0458","2015","505538"
"0458","2015","505539"
"0458","2015","505540"
"0592","2015","505546"
"0592","2015","505547"
"0592","2015","505548"
"0592","2015","505549"
"0592","2015","505550"
"0592","2015","505551"
"0592","2015","505552"
"0592","2015","505553"
"0623","2015","505845"
"0623","2015","505846"
"0623","2015","505847"
"0623","2015","505848"
"0623","2015","505849"
"0623","2015","505850"
"0549","2015","506233"
"0549","2015","506234"
"0549","2015","506235"
"0549","2015","506236"
"0549","2015","506237"
"0549","2015","506238"
"0665","2015","506337"
"0665","2015","506338"
"0665","2015","506339"
"0144","2015","507033"
"0144","2015","507034"
"0144","2015","507035"
"0144","2015","507036"
"0761","2015","507223"
"0761","2015","507224"
"0645","2015","507559"
"0645","2015","507560"
"0645","2015","507561"
"0645","2015","507562"
"0645","2015","507563"
"0645","2015","507564"
"0645","2015","507565"
"0754","2015","507646"
"0469","2015","507670"
"0469","2015","507671"
"0469","2015","507672"
"0469","2015","507673"
"0469","2015","507674"
"0469","2015","507675"
"0282","2015","507677"
"0282","2015","507678"
"0282","2015","507679"
"0282","2015","507680"
"0488","2015","507696"
"0488","2015","507697"
"0379","2015","588285"
"0379","2015","588286"
"0379","2015","588287"
"0488","2015","507701"
"0379","2015","588288"
"0318","2015","507716"
"0318","2015","507717"
"0318","2015","507718"
"0318","2015","507719"
"0731","2015","507739"
"0731","2015","507740"
"0731","2015","507741"
"0731","2015","507742"
"0460","2015","508616"
"0460","2015","508617"
"0460","2015","508618"
"0460","2015","508619"
"0435","2015","508793"
"0435","2015","508794"
"0435","2015","508795"
"0435","2015","508796"
"0274","2015","508906"
"0274","2015","508907"
"0274","2015","508908"
"0519","2015","508940"
"0519","2015","508941"
"0519","2015","508942"
"0519","2015","508943"
"0519","2015","508944"
"0519","2015","508945"
"0519","2015","508946"
"0519","2015","508947"
"0091","2015","509085"
"0091","2015","509086"
"0091","2015","509087"
"0091","2015","509088"
"0091","2015","509089"
"0454","2015","509226"
"0454","2015","509227"
"0454","2015","509228"
"0454","2015","509229"
"0566","2015","509236"
"0566","2015","509237"
"0566","2015","509238"
"0566","2015","509239"
"0467","2015","509370"
"0451","2015","509713"
"0451","2015","509714"
"0451","2015","509715"
"0451","2015","509716"
"0739","2015","510017"
"0739","2015","510018"
"0739","2015","510019"
"0739","2015","510020"
"0562","2015","510066"
"0562","2015","510067"
"0562","2015","510068"
"0562","2015","510069"
"0562","2015","510070"
"0562","2015","510071"
"0562","2015","510072"
"0562","2015","510073"
"0474","2015","510239"
"0474","2015","510240"
"0474","2015","510241"
"0474","2015","510242"
"0474","2015","510243"
"0474","2015","510244"
"0474","2015","510245"
"0474","2015","510246"
"0474","2015","510247"
"0474","2015","510248"
"0474","2015","510249"
"0474","2015","510250"
"0470","2015","510520"
"0470","2015","510521"
"0470","2015","510522"
"0470","2015","510523"
"0487","2015","510776"
"0487","2015","510777"
"0487","2015","510778"
"0487","2015","510779"
"0278","2015","510925"
"0278","2015","510926"
"0445","2015","511157"
"0445","2015","511158"
"0445","2015","511159"
"0445","2015","511160"
"0445","2015","511161"
"0445","2015","511162"
"0445","2015","511163"
"0445","2015","511164"
"0522","2015","511290"
"0522","2015","511291"
"0522","2015","511292"
"0522","2015","511293"
"0522","2015","511294"
"0522","2015","511295"
"0522","2015","511296"
"0522","2015","511297"
"0498","2015","511339"
"0498","2015","511340"
"0498","2015","511341"
"0498","2015","511342"
"0498","2015","511343"
"0498","2015","511344"
"0093","2015","511504"
"0090","2015","511744"
"0090","2015","511745"
"0090","2015","511746"
"0090","2015","511747"
"0090","2015","511748"
"0226","2015","511797"
"0226","2015","511798"
"0226","2015","511799"
"0226","2015","511800"
"0226","2015","511801"
"0489","2015","511921"
"0489","2015","511922"
"0489","2015","511923"
"0489","2015","511924"
"0481","2015","512008"
"0481","2015","512009"
"0481","2015","512010"
"0481","2015","512011"
"0481","2015","512012"
"0481","2015","512013"
"0364","2015","512052"
"0364","2015","512053"
"0364","2015","512054"
"0364","2015","512055"
"0364","2015","512056"
"0364","2015","512057"
"0364","2015","512058"
"0364","2015","512059"
"0364","2015","512060"
"0364","2015","512061"
"0644","2015","512088"
"0644","2015","512089"
"0644","2015","512090"
"0644","2015","512091"
"0447","2015","512150"
"0447","2015","512151"
"0447","2015","512152"
"0447","2015","512153"
"0447","2015","512154"
"0447","2015","512155"
"0479","2015","512219"
"0479","2015","512220"
"0479","2015","512221"
"0479","2015","512222"
"0479","2015","512223"
"0479","2015","512224"
"0479","2015","512225"
"0479","2015","512226"
"0479","2015","512227"
"0479","2015","512228"
"0479","2015","512229"
"0479","2015","512230"
"0559","2015","512451"
"0559","2015","512452"
"0559","2015","512453"
"0559","2015","512454"
"0559","2015","512455"
"0070","2015","512798"
"0070","2015","512799"
"0070","2015","512800"
"0070","2015","512801"
"0070","2015","512802"
"0070","2015","512803"
"0536","2015","512897"
"0536","2015","512898"
"0536","2015","512899"
"0536","2015","512900"
"0263","2015","512939"
"0263","2015","512940"
"0263","2015","512941"
"0263","2015","512942"
"0263","2015","512943"
"0263","2015","512944"
"0124","2015","513031"
"0124","2015","513032"
"0124","2015","513033"
"0124","2015","513034"
"0239","2015","513097"
"0239","2015","513098"
"0239","2015","513099"
"0239","2015","513100"
"0239","2015","513101"
"0239","2015","513102"
"0239","2015","513103"
"0239","2015","513104"
"0239","2015","513105"
"0111","2015","513151"
"0111","2015","513152"
"0111","2015","513153"
"0111","2015","513154"
"0468","2015","513342"
"0468","2015","513343"
"0468","2015","513344"
"0468","2015","513345"
"0468","2015","513346"
"0468","2015","513347"
"0468","2015","513348"
"0468","2015","513349"
"0715","2015","513350"
"0715","2015","513351"
"0715","2015","513352"
"0715","2015","513353"
"0715","2015","513354"
"0715","2015","513355"
"0715","2015","513356"
"0771","2015","513495"
"0771","2015","513496"
"0771","2015","513497"
"0771","2015","513498"
"0771","2015","513499"
"0771","2015","513500"
"0771","2015","513501"
"0693","2015","513602"
"0693","2015","513603"
"0483","2015","513617"
"0424","2015","513910"
"0424","2015","513911"
"0424","2015","513912"
"0506","2015","513923"
"0506","2015","513924"
"0506","2015","513925"
"0506","2015","513926"
"0213","2015","513979"
"0213","2015","513980"
"0213","2015","513981"
"0213","2015","513982"
"0213","2015","513983"
"0213","2015","513984"
"0213","2015","513985"
"0622","2015","513990"
"0622","2015","513991"
"0622","2015","513992"
"0622","2015","513993"
"0067","2015","514069"
"0067","2015","514070"
"0067","2015","514071"
"0067","2015","514072"
"0067","2015","514073"
"0067","2015","514074"
"0599","2015","514105"
"0599","2015","514106"
"0599","2015","514107"
"0599","2015","514108"
"0599","2015","514109"
"0599","2015","514110"
"0599","2015","514111"
"0599","2015","514112"
"0599","2015","514113"
"0495","2015","514337"
"0495","2015","514338"
"0495","2015","514339"
"0495","2015","514340"
"0495","2015","514341"
"0495","2015","514342"
"0495","2015","514343"
"0495","2015","514344"
"0141","2015","514534"
"0245","2015","514666"
"0245","2015","514667"
"0245","2015","514668"
"0245","2015","514669"
"0543","2015","514686"
"0543","2015","514687"
"0543","2015","514688"
"0543","2015","514689"
"0084","2015","514858"
"0084","2015","514859"
"0084","2015","514860"
"0209","2015","514932"
"0448","2015","514941"
"0448","2015","514942"
"0448","2015","514943"
"0508","2015","514977"
"0508","2015","514978"
"0508","2015","514979"
"0508","2015","514980"
"0508","2015","514981"
"0052","2015","514982"
"0052","2015","514983"
"0052","2015","514984"
"0052","2015","514985"
"0052","2015","514986"
"0052","2015","514987"
"0785","2015","515054"
"0785","2015","515055"
"0785","2015","515056"
"0785","2015","515057"
"0088","2015","515277"
"0088","2015","515278"
"0088","2015","515279"
"0088","2015","515280"
"0088","2015","515281"
"0088","2015","515282"
"0088","2015","515283"
"0088","2015","515284"
"0590","2015","515639"
"0590","2015","515640"
"0287","2015","515641"
"0287","2015","515642"
"0287","2015","515643"
"0287","2015","515644"
"0287","2015","515645"
"0620","2015","515659"
"0620","2015","515660"
"0620","2015","515661"
"0620","2015","515662"
"0620","2015","515663"
"0563","2015","515714"
"0563","2015","515715"
"0563","2015","515716"
"0563","2015","515717"
"0563","2015","515718"
"0701","2015","516256"
"0701","2015","516257"
"0701","2015","516258"
"0701","2015","516259"
"0257","2015","516295"
"0257","2015","516296"
"0257","2015","516297"
"0257","2015","516298"
"0257","2015","516299"
"0257","2015","516300"
"0257","2015","516301"
"0257","2015","516302"
"0568","2015","516388"
"0568","2015","516389"
"0568","2015","516390"
"0568","2015","516391"
"0568","2015","516392"
"0568","2015","516393"
"0568","2015","516394"
"0568","2015","516395"
"0535","2015","516569"
"0535","2015","516570"
"0535","2015","516571"
"0535","2015","516572"
"0535","2015","516573"
"0337","2015","516748"
"0337","2015","516749"
"0337","2015","516750"
"0337","2015","516751"
"0337","2015","516752"
"0337","2015","516753"
"0337","2015","516754"
"0337","2015","516755"
"0673","2015","516756"
"0747","2015","516757"
"0747","2015","516758"
"0747","2015","516759"
"0747","2015","516760"
"0747","2015","516761"
"0747","2015","516762"
"0747","2015","516763"
"0747","2015","516764"
"0747","2015","516765"
"0747","2015","516766"
"0747","2015","516767"
"0747","2015","516768"
"0747","2015","516769"
"0509","2015","516934"
"0509","2015","516935"
"0509","2015","516936"
"0509","2015","516937"
"0289","2015","517245"
"0289","2015","517246"
"0359","2015","517296"
"0359","2015","517297"
"0359","2015","517298"
"0359","2015","517299"
"0359","2015","517300"
"0359","2015","517301"
"0359","2015","517302"
"0359","2015","517303"
"0359","2015","517304"
"0581","2015","517412"
"0581","2015","517413"
"0581","2015","517414"
"0581","2015","517415"
"0581","2015","517416"
"0581","2015","517417"
"0581","2015","517418"
"0581","2015","517419"
"0256","2015","517449"
"0256","2015","517450"
"0256","2015","517451"
"0256","2015","517452"
"0082","2015","517491"
"0082","2015","517492"
"0082","2015","517493"
"0466","2015","517544"
"0466","2015","517545"
"0466","2015","517546"
"0466","2015","517547"
"0466","2015","517548"
"0095","2015","517811"
"0295","2015","517812"
"0295","2015","517813"
"0295","2015","517814"
"0295","2015","517815"
"0764","2015","517871"
"0764","2015","517872"
"0764","2015","517873"
"0121","2015","517896"
"0121","2015","517897"
"0121","2015","517898"
"0121","2015","517899"
"0510","2015","518048"
"0510","2015","518049"
"0510","2015","518050"
"0510","2015","518051"
"0763","2015","518417"
"0347","2015","518439"
"0347","2015","518440"
"0347","2015","518441"
"0347","2015","518442"
"0347","2015","518443"
"0347","2015","518444"
"0347","2015","518445"
"0347","2015","518446"
"0347","2015","518447"
"0347","2015","518448"
"0347","2015","518449"
"0347","2015","518450"
"0347","2015","518451"
"0347","2015","518452"
"0347","2015","518453"
"0347","2015","518454"
"0707","2015","518524"
"0603","2015","518527"
"0230","2015","518819"
"0230","2015","518820"
"0230","2015","518821"
"0230","2015","518822"
"0809","2015","518832"
"0809","2015","518833"
"0809","2015","518834"
"0809","2015","518835"
"0139","2015","518873"
"0139","2015","518874"
"0139","2015","518875"
"0139","2015","518876"
"0139","2015","518877"
"0139","2015","518878"
"0491","2015","519073"
"0491","2015","519074"
"0491","2015","519075"
"0491","2015","519076"
"0491","2015","519077"
"0491","2015","519078"
"0491","2015","519079"
"0491","2015","519080"
"0491","2015","519081"
"0491","2015","519082"
"0491","2015","519083"
"0324","2015","519145"
"0324","2015","519146"
"0324","2015","519147"
"0324","2015","519148"
"0324","2015","519149"
"0324","2015","519150"
"0324","2015","519151"
"0324","2015","519152"
"0324","2015","519153"
"0324","2015","519154"
"0324","2015","519155"
"0324","2015","519156"
"0324","2015","519157"
"0324","2015","519158"
"0324","2015","519159"
"0324","2015","519160"
"0242","2015","519301"
"0242","2015","519302"
"0242","2015","519303"
"0242","2015","519304"
"0725","2015","519351"
"0725","2015","519352"
"0725","2015","519353"
"0725","2015","519354"
"0725","2015","519355"
"0725","2015","519356"
"0725","2015","519357"
"0725","2015","519358"
"0018","2015","519541"
"0018","2015","519542"
"0018","2015","519543"
"0018","2015","519544"
"0018","2015","519545"
"0604","2015","520151"
"0604","2015","520152"
"0604","2015","520153"
"0604","2015","520154"
"0604","2015","520155"
"0604","2015","520156"
"0604","2015","520157"
"0604","2015","520158"
"0650","2015","520408"
"0650","2015","520409"
"0650","2015","520410"
"0650","2015","520411"
"0650","2015","520412"
"0650","2015","520413"
"0650","2015","520414"
"0650","2015","520415"
"0653","2015","520446"
"0653","2015","520447"
"0653","2015","520448"
"0653","2015","520449"
"0653","2015","520450"
"0653","2015","520451"
"0462","2015","520500"
"0462","2015","520501"
"0462","2015","520502"
"0462","2015","520503"
"0462","2015","520504"
"0462","2015","520505"
"0028","2015","520613"
"0028","2015","520614"
"0377","2015","520726"
"0377","2015","520727"
"0377","2015","520728"
"0377","2015","520729"
"0377","2015","520730"
"0377","2015","520731"
"0377","2015","520732"
"0570","2015","520836"
"0570","2015","520837"
"0570","2015","520838"
"0149","2015","520892"
"0149","2015","520893"
"0149","2015","520894"
"0149","2015","520895"
"0480","2015","520915"
"0480","2015","520916"
"0480","2015","520917"
"0480","2015","520918"
"0480","2015","520919"
"0626","2015","521344"
"0626","2015","521345"
"0626","2015","521346"
"0626","2015","521347"
"0626","2015","521348"
"0626","2015","521349"
"0224","2015","521356"
"0224","2015","521357"
"0224","2015","521358"
"0224","2015","521359"
"0224","2015","521360"
"0575","2015","521643"
"0575","2015","521644"
"0575","2015","521645"
"0575","2015","521646"
"0285","2015","521690"
"0285","2015","521691"
"0285","2015","521692"
"0285","2015","521693"
"0285","2015","521694"
"0285","2015","521695"
"0285","2015","521696"
"0607","2015","521725"
"0607","2015","521726"
"0607","2015","521727"
"0607","2015","521728"
"0607","2015","521729"
"0177","2015","521885"
"0177","2015","521886"
"0177","2015","521887"
"0177","2015","521888"
"0177","2015","521889"
"0177","2015","521890"
"0177","2015","521891"
"0177","2015","521892"
"0190","2015","522287"
"0190","2015","522288"
"0190","2015","522289"
"0190","2015","522290"
"0190","2015","522291"
"0190","2015","522292"
"0227","2015","522364"
"0227","2015","522365"
"0422","2015","522549"
"0102","2015","522934"
"0102","2015","522935"
"0102","2015","522936"
"0238","2015","523234"
"0238","2015","523235"
"0238","2015","523236"
"0238","2015","523237"
"0238","2015","523238"
"0238","2015","523239"
"0238","2015","523240"
"0238","2015","523241"
"0426","2015","523305"
"0426","2015","523306"
"0426","2015","523307"
"0426","2015","523308"
"0426","2015","523309"
"0426","2015","523310"
"0657","2015","523373"
"0657","2015","523374"
"0657","2015","523375"
"0657","2015","523376"
"0657","2015","523377"
"0657","2015","523378"
"0657","2015","523379"
"0657","2015","523380"
"0657","2015","523381"
"0406","2015","523460"
"0406","2015","523461"
"0406","2015","523462"
"0406","2015","523463"
"0406","2015","523464"
"0406","2015","523465"
"0718","2015","523477"
"0718","2015","523478"
"0718","2015","523479"
"0718","2015","523480"
"0375","2015","523558"
"0375","2015","523559"
"0375","2015","523560"
"0375","2015","523561"
"0375","2015","523562"
"0375","2015","523563"
"0375","2015","523564"
"0375","2015","523565"
"0375","2015","523566"
"0484","2015","523659"
"0484","2015","523660"
"0484","2015","523661"
"0484","2015","523662"
"0484","2015","523663"
"0638","2015","523752"
"0638","2015","523753"
"0638","2015","523754"
"0638","2015","523755"
"0252","2015","523965"
"0252","2015","523966"
"0252","2015","523967"
"0252","2015","523968"
"0252","2015","523969"
"0252","2015","523970"
"0485","2015","523999"
"0485","2015","524000"
"0485","2015","524001"
"0485","2015","524002"
"0485","2015","524003"
"0485","2015","524004"
"0515","2015","524320"
"0515","2015","524321"
"0515","2015","524322"
"0515","2015","524323"
"0515","2015","524324"
"0515","2015","524325"
"0515","2015","524326"
"0473","2015","524331"
"0473","2015","524332"
"0473","2015","524333"
"0473","2015","524334"
"0473","2015","524335"
"0273","2015","524440"
"0273","2015","524441"
"0273","2015","524442"
"0273","2015","524443"
"0273","2015","524444"
"0273","2015","524445"
"0521","2015","524601"
"0521","2015","524602"
"0521","2015","524603"
"0521","2015","524604"
"0521","2015","524605"
"0521","2015","524606"
"0521","2015","524607"
"0521","2015","524608"
"0521","2015","524609"
"0633","2015","524610"
"0633","2015","524611"
"0633","2015","524612"
"0074","2015","524629"
"0074","2015","524630"
"0074","2015","524631"
"0629","2015","525080"
"0421","2015","525239"
"0421","2015","525240"
"0421","2015","525241"
"0421","2015","525242"
"0421","2015","525243"
"0421","2015","525244"
"0421","2015","525245"
"0421","2015","525246"
"0021","2015","525779"
"0021","2015","525780"
"0021","2015","525781"
"0021","2015","525782"
"0298","2015","525929"
"0298","2015","525930"
"0298","2015","525931"
"0298","2015","525932"
"0598","2015","526068"
"0598","2015","526069"
"0598","2015","526070"
"0325","2015","526114"
"0325","2015","526115"
"0325","2015","526116"
"0325","2015","526117"
"0648","2015","526127"
"0648","2015","526128"
"0648","2015","526129"
"0648","2015","526130"
"0648","2015","526131"
"0648","2015","526132"
"0648","2015","526133"
"0648","2015","526134"
"0496","2015","526148"
"0496","2015","526149"
"0496","2015","526150"
"0241","2015","526265"
"0241","2015","526266"
"0241","2015","526267"
"0241","2015","526268"
"0001","2015","526506"
"0001","2015","526507"
"0001","2015","526508"
"0001","2015","526509"
"0270","2015","526550"
"0270","2015","526551"
"0379","2015","588289"
"0270","2015","526553"
"0270","2015","526554"
"0415","2015","526872"
"0415","2015","526873"
"0415","2015","526874"
"0415","2015","526875"
"0415","2015","526876"
"0415","2015","526877"
"0415","2015","526878"
"0415","2015","526879"
"0415","2015","526880"
"0251","2015","527212"
"0251","2015","527213"
"0251","2015","527214"
"0251","2015","527215"
"0251","2015","527216"
"0251","2015","527217"
"0251","2015","527218"
"0235","2015","527884"
"0235","2015","527885"
"0235","2015","527886"
"0235","2015","527887"
"0560","2015","528009"
"0560","2015","528010"
"0560","2015","528011"
"0560","2015","528012"
"0560","2015","528013"
"0560","2015","528014"
"0560","2015","528015"
"0560","2015","528016"
"0560","2015","528017"
"0560","2015","528018"
"0560","2015","528019"
"0560","2015","528020"
"0560","2015","528021"
"0560","2015","528022"
"0255","2015","528032"
"0255","2015","528033"
"0255","2015","528034"
"0255","2015","528035"
"0255","2015","528036"
"0255","2015","528037"
"0634","2015","528177"
"0634","2015","528178"
"0634","2015","528179"
"0634","2015","528180"
"0634","2015","528181"
"0634","2015","528182"
"0436","2015","528239"
"0436","2015","528240"
"0436","2015","528241"
"0436","2015","528242"
"0436","2015","528243"
"0436","2015","528244"
"0436","2015","528245"
"0436","2015","528246"
"0436","2015","528247"
"0436","2015","528248"
"0436","2015","528249"
"0436","2015","528250"
"0436","2015","528251"
"0436","2015","528252"
"0436","2015","528253"
"0520","2015","528805"
"0520","2015","528806"
"0520","2015","528807"
"0253","2015","528909"
"0253","2015","528910"
"0253","2015","528911"
"0253","2015","528912"
"0253","2015","528913"
"0253","2015","528914"
"0253","2015","528915"
"0737","2015","529004"
"0737","2015","529005"
"0737","2015","529006"
"0737","2015","529007"
"0294","2015","529052"
"0294","2015","529053"
"0294","2015","529054"
"0294","2015","529055"
"0294","2015","529056"
"0108","2015","529118"
"0108","2015","529119"
"0108","2015","529120"
"0108","2015","529121"
"0108","2015","529122"
"0108","2015","529123"
"0108","2015","529124"
"0005","2015","529202"
"0005","2015","529203"
"0005","2015","529204"
"0005","2015","529205"
"0005","2015","529206"
"0262","2015","529348"
"0262","2015","529349"
"0262","2015","529350"
"0262","2015","529351"
"0262","2015","529352"
"0262","2015","529353"
"0262","2015","529354"
"0262","2015","529355"
"0262","2015","529356"
"0262","2015","529357"
"0262","2015","529358"
"0262","2015","529359"
"0477","2015","529411"
"0477","2015","529412"
"0477","2015","529413"
"0477","2015","529414"
"0477","2015","529415"
"0477","2015","529416"
"0477","2015","529417"
"0477","2015","529418"
"0034","2015","529659"
"0034","2015","529660"
"0034","2015","529661"
"0034","2015","529662"
"0034","2015","529663"
"0034","2015","529664"
"0579","2015","529775"
"0579","2015","529776"
"0579","2015","529777"
"0579","2015","529778"
"0579","2015","529779"
"0579","2015","529780"
"0579","2015","529781"
"0579","2015","529782"
"0579","2015","529783"
"0574","2015","529815"
"0574","2015","529816"
"0574","2015","529817"
"0574","2015","529818"
"0574","2015","529819"
"0574","2015","529820"
"0254","2015","529856"
"0254","2015","529857"
"0254","2015","529858"
"0254","2015","529859"
"0254","2015","529860"
"0150","2015","529910"
"0150","2015","529911"
"0150","2015","529912"
"0150","2015","529913"
"0150","2015","529914"
"0150","2015","529915"
"0150","2015","529916"
"0551","2015","529975"
"0551","2015","529976"
"0551","2015","529977"
"0551","2015","529978"
"0551","2015","529979"
"0551","2015","529980"
"0551","2015","529981"
"0002","2015","530125"
"0002","2015","530126"
"0002","2015","530127"
"0615","2015","530529"
"0615","2015","530530"
"0615","2015","530531"
"0615","2015","530532"
"0615","2015","530533"
"0814","2015","530609"
"0221","2015","530724"
"0221","2015","530725"
"0221","2015","530726"
"0202","2015","531030"
"0202","2015","531031"
"0202","2015","531032"
"0202","2015","531033"
"0202","2015","531034"
"0202","2015","531035"
"0202","2015","531036"
"0202","2015","531037"
"0202","2015","531038"
"0202","2015","531039"
"0202","2015","531040"
"0461","2015","531060"
"0461","2015","531061"
"0461","2015","531062"
"0573","2015","531294"
"0573","2015","531295"
"0573","2015","531296"
"0573","2015","531297"
"0573","2015","531298"
"0573","2015","531299"
"0573","2015","531300"
"0573","2015","531301"
"0773","2015","531390"
"0773","2015","531391"
"0773","2015","531392"
"0773","2015","531393"
"0773","2015","531394"
"0773","2015","531395"
"0773","2015","531396"
"0773","2015","531397"
"0587","2015","531681"
"0587","2015","531682"
"0587","2015","531683"
"0587","2015","531684"
"0587","2015","531685"
"0587","2015","531686"
"0587","2015","531687"
"0587","2015","531688"
"0587","2015","531689"
"0513","2015","531937"
"0513","2015","531938"
"0513","2015","531939"
"0513","2015","531940"
"0513","2015","531941"
"0513","2015","531942"
"0513","2015","531943"
"0513","2015","531944"
"0513","2015","531945"
"0178","2015","531988"
"0178","2015","531989"
"0178","2015","531990"
"0178","2015","531991"
"0178","2015","531992"
"0178","2015","531993"
"0178","2015","531994"
"0529","2015","532221"
"0529","2015","532222"
"0529","2015","532223"
"0529","2015","532224"
"0529","2015","532225"
"0529","2015","532226"
"0529","2015","532227"
"0529","2015","532228"
"0529","2015","532229"
"0529","2015","532230"
"0529","2015","532231"
"0229","2015","532551"
"0774","2015","532855"
"0774","2015","532856"
"0774","2015","532857"
"0774","2015","532858"
"0774","2015","532859"
"0774","2015","532860"
"0079","2015","532938"
"0621","2015","532944"
"0621","2015","532945"
"0621","2015","532946"
"0621","2015","532947"
"0621","2015","532948"
"0621","2015","532949"
"0369","2015","533035"
"0369","2015","533036"
"0369","2015","533037"
"0369","2015","533038"
"0361","2015","533236"
"0361","2015","533237"
"0361","2015","533238"
"0361","2015","533239"
"0361","2015","533240"
"0639","2015","533306"
"0639","2015","533307"
"0639","2015","533308"
"0639","2015","533309"
"0639","2015","533310"
"0639","2015","533311"
"0639","2015","533312"
"0639","2015","533313"
"0585","2015","533521"
"0585","2015","533522"
"0585","2015","533523"
"0585","2015","533524"
"0585","2015","533525"
"0585","2015","533526"
"0585","2015","533527"
"0243","2015","533848"
"0243","2015","533849"
"0243","2015","533850"
"0243","2015","533851"
"0243","2015","533852"
"0243","2015","533853"
"0727","2015","534011"
"0727","2015","534012"
"0727","2015","534013"
"0727","2015","534014"
"0727","2015","534015"
"0727","2015","534016"
"0727","2015","534017"
"0164","2015","534193"
"0164","2015","534194"
"0201","2015","534215"
"0201","2015","534216"
"0201","2015","534217"
"0201","2015","534218"
"0201","2015","534219"
"0201","2015","534220"
"0201","2015","534221"
"0201","2015","534222"
"0201","2015","534223"
"0033","2015","534520"
"0033","2015","534521"
"0033","2015","534522"
"0033","2015","534523"
"0033","2015","534524"
"0033","2015","534525"
"0033","2015","534526"
"0033","2015","534527"
"0033","2015","534528"
"0033","2015","534529"
"0089","2015","534656"
"0089","2015","534657"
"0089","2015","534658"
"0089","2015","534659"
"0089","2015","534660"
"0089","2015","534661"
"0089","2015","534662"
"0097","2015","534737"
"0097","2015","534738"
"0097","2015","534739"
"0097","2015","534740"
"0097","2015","534741"
"0097","2015","534742"
"0097","2015","534743"
"0097","2015","534744"
"0097","2015","534745"
"0384","2015","534764"
"0384","2015","534765"
"0384","2015","534766"
"0384","2015","534767"
"0384","2015","534768"
"0384","2015","534769"
"0384","2015","534770"
"0384","2015","534771"
"0384","2015","534772"
"0384","2015","534773"
"0030","2015","534956"
"0030","2015","534957"
"0030","2015","534958"
"0030","2015","534959"
"0030","2015","534960"
"0030","2015","534961"
"0030","2015","534962"
"0030","2015","534963"
"0030","2015","534964"
"0080","2015","535078"
"0080","2015","535079"
"0036","2015","535762"
"0036","2015","535763"
"0036","2015","535764"
"0036","2015","535765"
"0036","2015","535766"
"0527","2015","535814"
"0527","2015","535815"
"0527","2015","535816"
"0527","2015","535817"
"0527","2015","535818"
"0527","2015","535819"
"0527","2015","535820"
"0527","2015","535821"
"0700","2015","536079"
"0700","2015","536080"
"0700","2015","536081"
"0700","2015","536082"
"0700","2015","536083"
"0700","2015","536084"
"0690","2015","536107"
"0690","2015","536108"
"0020","2015","536394"
"0020","2015","536395"
"0020","2015","536396"
"0813","2015","536575"
"0813","2015","536576"
"0813","2015","536577"
"0813","2015","536578"
"0813","2015","536579"
"0455","2015","536749"
"0455","2015","536750"
"0455","2015","536751"
"0455","2015","536752"
"0455","2015","536753"
"0455","2015","536754"
"0444","2015","536800"
"0444","2015","536801"
"0444","2015","536802"
"0444","2015","536803"
"0444","2015","536804"
"0724","2015","537194"
"0724","2015","537197"
"0724","2015","537199"
"0724","2015","537200"
"0724","2015","537201"
"0724","2015","537202"
"0724","2015","537203"
"0724","2015","537204"
"0724","2015","537205"
"0724","2015","537206"
"0724","2015","537207"
"0724","2015","537208"
"0056","2015","537212"
"0056","2015","537213"
"0056","2015","537214"
"0056","2015","537215"
"0056","2015","537216"
"0056","2015","537217"
"0056","2015","537218"
"0056","2015","537219"
"0037","2015","537275"
"0037","2015","537276"
"0037","2015","537277"
"0037","2015","537278"
"0037","2015","537279"
"0037","2015","537280"
"0040","2015","537452"
"0040","2015","537453"
"0040","2015","537454"
"0040","2015","537455"
"0040","2015","537456"
"0432","2015","537658"
"0432","2015","537659"
"0432","2015","537660"
"0432","2015","537661"
"0432","2015","537662"
"0432","2015","537663"
"0769","2015","537665"
"0769","2015","537666"
"0769","2015","537667"
"0412","2015","537970"
"0412","2015","537971"
"0412","2015","537972"
"0412","2015","537973"
"0412","2015","537974"
"0412","2015","537975"
"0412","2015","537976"
"0412","2015","537977"
"0514","2015","538072"
"0514","2015","538073"
"0514","2015","538074"
"0514","2015","538075"
"0514","2015","538076"
"0514","2015","538077"
"0514","2015","538078"
"0514","2015","538079"
"0687","2015","538229"
"0561","2015","538301"
"0561","2015","538302"
"0561","2015","538303"
"0561","2015","538304"
"0561","2015","538305"
"0561","2015","538306"
"0372","2015","538519"
"0372","2015","538520"
"0372","2015","538521"
"0372","2015","538522"
"0372","2015","538523"
"0372","2015","538524"
"0556","2015","538606"
"0556","2015","538607"
"0556","2015","538608"
"0556","2015","538609"
"0556","2015","538610"
"0556","2015","538611"
"0556","2015","538612"
"0556","2015","538613"
"0367","2015","538710"
"0367","2015","538711"
"0367","2015","538712"
"0367","2015","538713"
"0181","2015","538737"
"0181","2015","538738"
"0181","2015","538739"
"0181","2015","538740"
"0216","2015","539103"
"0216","2015","539104"
"0216","2015","539105"
"0216","2015","539106"
"0216","2015","539107"
"0216","2015","539108"
"0216","2015","539109"
"0216","2015","539110"
"0564","2015","539139"
"0564","2015","539140"
"0744","2015","539175"
"0744","2015","539176"
"0744","2015","539177"
"0744","2015","539178"
"0744","2015","539179"
"0744","2015","539180"
"0744","2015","539181"
"0744","2015","539182"
"0744","2015","539183"
"0744","2015","539184"
"0463","2015","539354"
"0463","2015","539355"
"0463","2015","539356"
"0463","2015","539357"
"0220","2015","539390"
"0220","2015","539391"
"0220","2015","539392"
"0220","2015","539393"
"0220","2015","539394"
"0220","2015","539395"
"0493","2015","539424"
"0493","2015","539425"
"0493","2015","539426"
"0493","2015","539427"
"0312","2015","539506"
"0312","2015","539507"
"0312","2015","539508"
"0312","2015","539509"
"0312","2015","539510"
"0312","2015","539511"
"0312","2015","539512"
"0312","2015","539513"
"0680","2015","539636"
"0680","2015","539637"
"0366","2015","539816"
"0366","2015","539817"
"0366","2015","539818"
"0366","2015","539819"
"0366","2015","539820"
"0366","2015","539821"
"0039","2015","539994"
"0039","2015","539995"
"0039","2015","539996"
"0039","2015","539997"
"0486","2015","540176"
"0486","2015","540177"
"0486","2015","540178"
"0486","2015","540179"
"0486","2015","540180"
"0486","2015","540181"
"0032","2015","540284"
"0260","2015","540358"
"0260","2015","540359"
"0260","2015","540360"
"0260","2015","540361"
"0260","2015","540362"
"0260","2015","540363"
"0260","2015","540364"
"0260","2015","540365"
"0683","2015","540376"
"0683","2015","540377"
"0475","2015","540938"
"0475","2015","540939"
"0475","2015","540940"
"0475","2015","540941"
"0261","2015","540962"
"0261","2015","540963"
"0261","2015","540964"
"0261","2015","540965"
"0299","2015","541016"
"0299","2015","541017"
"0299","2015","541018"
"0299","2015","541019"
"0299","2015","541020"
"0299","2015","541021"
"0299","2015","541022"
"0697","2015","541139"
"0697","2015","541140"
"0697","2015","541141"
"0697","2015","541142"
"0309","2015","541312"
"0309","2015","541313"
"0309","2015","541314"
"0309","2015","541315"
"0309","2015","541316"
"0309","2015","541317"
"0490","2015","541334"
"0490","2015","541335"
"0490","2015","541336"
"0490","2015","541337"
"0490","2015","541338"
"0490","2015","541339"
"0490","2015","541340"
"0490","2015","541341"
"0490","2015","541342"
"0490","2015","541343"
"0490","2015","541344"
"0490","2015","541345"
"0490","2015","541346"
"0290","2015","541387"
"0290","2015","541388"
"0290","2015","541389"
"0290","2015","541390"
"0290","2015","541391"
"0290","2015","541392"
"0195","2015","541424"
"0195","2015","541425"
"0195","2015","541426"
"0382","2015","541481"
"0382","2015","541482"
"0382","2015","541483"
"0110","2015","541601"
"0110","2015","541602"
"0110","2015","541603"
"0110","2015","541604"
"0110","2015","541605"
"0313","2015","541668"
"0313","2015","541669"
"0313","2015","541670"
"0313","2015","541671"
"0547","2015","541680"
"0547","2015","541681"
"0547","2015","541682"
"0757","2015","541890"
"0757","2015","541891"
"0757","2015","541892"
"0757","2015","541893"
"0757","2015","541894"
"0757","2015","541895"
"0628","2015","541932"
"0628","2015","541933"
"0628","2015","541934"
"0322","2015","542187"
"0322","2015","542188"
"0322","2015","542189"
"0322","2015","542190"
"0322","2015","542191"
"0322","2015","542192"
"0322","2015","542193"
"0322","2015","542194"
"0322","2015","542195"
"0630","2015","542323"
"0630","2015","542324"
"0630","2015","542325"
"0630","2015","542326"
"0630","2015","542327"
"0555","2015","542415"
"0555","2015","542416"
"0555","2015","542417"
"0555","2015","542418"
"0555","2015","542419"
"0555","2015","542420"
"0555","2015","542421"
"0555","2015","542422"
"0555","2015","542423"
"0787","2015","542437"
"0787","2015","542438"
"0780","2015","542563"
"0780","2015","542564"
"0780","2015","542565"
"0780","2015","542566"
"0780","2015","542567"
"0780","2015","542568"
"0780","2015","542569"
"0780","2015","542570"
"0780","2015","542571"
"0092","2015","542654"
"0092","2015","542655"
"0092","2015","542656"
"0078","2015","542686"
"0078","2015","542687"
"0078","2015","542688"
"0078","2015","542689"
"0078","2015","542690"
"0078","2015","542691"
"0078","2015","542692"
"0078","2015","542693"
"0078","2015","542694"
"0078","2015","542695"
"0172","2015","542762"
"0172","2015","542763"
"0172","2015","542764"
"0172","2015","542765"
"0172","2015","542766"
"0172","2015","542767"
"0172","2015","542768"
"0172","2015","542769"
"0172","2015","542770"
"0172","2015","542771"
"0172","2015","542772"
"0172","2015","542773"
"0172","2015","542774"
"0172","2015","542775"
"0172","2015","542776"
"0172","2015","542777"
"0661","2015","542921"
"0661","2015","542922"
"0661","2015","542923"
"0661","2015","542924"
"0661","2015","542925"
"0661","2015","542926"
"0695","2015","542927"
"0095","2015","542928"
"0095","2015","542929"
"0618","2015","542965"
"0618","2015","542966"
"0618","2015","542967"
"0618","2015","542968"
"0618","2015","542969"
"0618","2015","542970"
"0618","2015","542971"
"0694","2015","543003"
"0694","2015","543004"
"0694","2015","543005"
"0694","2015","543006"
"0694","2015","543007"
"0694","2015","543008"
"0694","2015","543009"
"0115","2015","543371"
"0115","2015","543372"
"0115","2015","543373"
"0115","2015","543374"
"0115","2015","543375"
"0115","2015","543376"
"0736","2015","543469"
"0736","2015","543470"
"0736","2015","543472"
"0736","2015","543473"
"0012","2015","543616"
"0012","2015","543617"
"0014","2015","543636"
"0014","2015","543637"
"0014","2015","543638"
"0014","2015","543639"
"0014","2015","543640"
"0014","2015","543641"
"0784","2015","543728"
"0784","2015","543729"
"0784","2015","543730"
"0784","2015","543731"
"0784","2015","543732"
"0784","2015","543733"
"0784","2015","543734"
"0784","2015","543735"
"0073","2015","544245"
"0073","2015","544246"
"0073","2015","544247"
"0073","2015","544248"
"0073","2015","544249"
"0642","2015","544333"
"0642","2015","544334"
"0642","2015","544335"
"0642","2015","544336"
"0642","2015","544337"
"0642","2015","544338"
"0642","2015","544339"
"0642","2015","544340"
"0642","2015","544341"
"0642","2015","544342"
"0642","2015","544343"
"0642","2015","544344"
"0642","2015","544345"
"0060","2015","544762"
"0060","2015","544763"
"0679","2015","544901"
"0679","2015","544902"
"0679","2015","544903"
"0679","2015","544904"
"0679","2015","544905"
"0401","2015","544992"
"0401","2015","544993"
"0401","2015","544994"
"0401","2015","544995"
"0401","2015","544996"
"0401","2015","544997"
"0401","2015","544998"
"0112","2015","545069"
"0112","2015","545070"
"0112","2015","545071"
"0112","2015","545072"
"0112","2015","545073"
"0112","2015","545074"
"0539","2015","545128"
"0539","2015","545129"
"0539","2015","545130"
"0539","2015","545131"
"0539","2015","545132"
"0539","2015","545133"
"0539","2015","545134"
"0539","2015","545135"
"0539","2015","545136"
"0539","2015","545137"
"0539","2015","545138"
"0717","2015","545179"
"0717","2015","545180"
"0717","2015","545181"
"0717","2015","545182"
"0717","2015","545183"
"0217","2015","545195"
"0217","2015","545196"
"0217","2015","545197"
"0217","2015","545198"
"0217","2015","545199"
"0217","2015","545200"
"0217","2015","545201"
"0217","2015","545202"
"0518","2015","545246"
"0518","2015","545247"
"0518","2015","545248"
"0518","2015","545249"
"0723","2015","545253"
"0723","2015","545254"
"0723","2015","545255"
"0723","2015","545256"
"0723","2015","545257"
"0723","2015","545258"
"0723","2015","545259"
"0723","2015","545260"
"0087","2015","545262"
"0087","2015","545263"
"0087","2015","545264"
"0087","2015","545265"
"0087","2015","545266"
"0015","2015","545286"
"0015","2015","545287"
"0015","2015","545288"
"0015","2015","545289"
"0015","2015","545290"
"0015","2015","545291"
"0548","2015","545489"
"0548","2015","545490"
"0548","2015","545491"
"0548","2015","545492"
"0548","2015","545493"
"0548","2015","545494"
"0548","2015","545495"
"0548","2015","545496"
"0548","2015","545497"
"0548","2015","545498"
"0548","2015","545499"
"0548","2015","545500"
"0099","2015","545703"
"0099","2015","545704"
"0099","2015","545705"
"0099","2015","545706"
"0616","2015","545728"
"0616","2015","545729"
"0616","2015","545730"
"0616","2015","545731"
"0616","2015","545732"
"0616","2015","545733"
"0616","2015","545734"
"0616","2015","545735"
"0616","2015","545736"
"0059","2015","545769"
"0059","2015","545770"
"0059","2015","545771"
"0059","2015","545772"
"0456","2015","545886"
"0456","2015","545887"
"0456","2015","545888"
"0456","2015","545889"
"0456","2015","545890"
"0456","2015","545891"
"0456","2015","545892"
"0326","2015","545898"
"0326","2015","545899"
"0326","2015","545900"
"0326","2015","545901"
"0300","2015","546043"
"0300","2015","546044"
"0300","2015","546045"
"0300","2015","546046"
"0300","2015","546047"
"0300","2015","546048"
"0577","2015","546094"
"0577","2015","546095"
"0577","2015","546096"
"0577","2015","546097"
"0577","2015","546098"
"0577","2015","546099"
"0749","2015","546243"
"0749","2015","546244"
"0749","2015","546245"
"0749","2015","546246"
"0749","2015","546247"
"0749","2015","546248"
"0749","2015","546249"
"0208","2015","546261"
"0208","2015","546262"
"0208","2015","546263"
"0208","2015","546264"
"0208","2015","546265"
"0766","2015","546283"
"0340","2015","546456"
"0340","2015","546457"
"0340","2015","546458"
"0340","2015","546459"
"0340","2015","546460"
"0812","2015","546848"
"0812","2015","546849"
"0812","2015","546850"
"0812","2015","546851"
"0225","2015","547269"
"0179","2015","547403"
"0179","2015","547404"
"0179","2015","547405"
"0179","2015","547406"
"0179","2015","547407"
"0179","2015","547408"
"0637","2015","547616"
"0637","2015","547617"
"0637","2015","547618"
"0637","2015","547619"
"0637","2015","547620"
"0637","2015","547621"
"0637","2015","547622"
"0637","2015","547623"
"0637","2015","547624"
"0637","2015","547625"
"0449","2015","547953"
"0449","2015","547954"
"0449","2015","547955"
"0449","2015","547956"
"0194","2015","548158"
"0194","2015","548159"
"0194","2015","548160"
"0194","2015","548161"
"0194","2015","548162"
"0194","2015","548163"
"0194","2015","548164"
"0194","2015","548165"
"0194","2015","548166"
"0194","2015","548167"
"0194","2015","548168"
"0194","2015","548169"
"0194","2015","548170"
"0194","2015","548171"
"0194","2015","548172"
"0194","2015","548173"
"0512","2015","548250"
"0512","2015","548251"
"0512","2015","548252"
"0512","2015","548253"
"0733","2015","548255"
"0733","2015","548256"
"0733","2015","548257"
"0733","2015","548258"
"0733","2015","548259"
"0733","2015","548260"
"0733","2015","548261"
"0733","2015","548262"
"0733","2015","548263"
"0733","2015","548264"
"0117","2015","548804"
"0117","2015","548805"
"0117","2015","548806"
"0482","2015","548807"
"0482","2015","548808"
"0482","2015","548809"
"0482","2015","548810"
"0482","2015","548811"
"0371","2015","549150"
"0371","2015","549151"
"0371","2015","549152"
"0371","2015","549153"
"0371","2015","549154"
"0371","2015","549155"
"0371","2015","549156"
"0371","2015","549157"
"0371","2015","549158"
"0311","2015","549166"
"0311","2015","549167"
"0311","2015","549168"
"0311","2015","549169"
"0311","2015","549170"
"0311","2015","549171"
"0311","2015","549172"
"0311","2015","549173"
"0198","2015","549299"
"0198","2015","549300"
"0198","2015","549301"
"0198","2015","549302"
"0198","2015","549303"
"0198","2015","549304"
"0198","2015","549305"
"0259","2015","549433"
"0259","2015","549434"
"0184","2015","549485"
"0184","2015","549486"
"0184","2015","549487"
"0184","2015","549488"
"0184","2015","549489"
"0184","2015","549490"
"0184","2015","549491"
"0184","2015","549492"
"0184","2015","549493"
"0184","2015","549494"
"0184","2015","549495"
"0332","2015","549566"
"0631","2015","549588"
"0631","2015","549589"
"0631","2015","549590"
"0631","2015","549591"
"0631","2015","549592"
"0631","2015","549593"
"0631","2015","549594"
"0631","2015","549595"
"0631","2015","549596"
"0329","2015","549801"
"0329","2015","549802"
"0329","2015","549803"
"0329","2015","549804"
"0329","2015","549805"
"0329","2015","549806"
"0329","2015","549807"
"0329","2015","549808"
"0329","2015","549809"
"0329","2015","549810"
"0329","2015","549811"
"0329","2015","549812"
"0329","2015","549813"
"0329","2015","549814"
"0329","2015","549815"
"0329","2015","549816"
"0410","2015","549824"
"0410","2015","549825"
"0410","2015","549826"
"0533","2015","549990"
"0533","2015","549991"
"0533","2015","549992"
"0533","2015","549993"
"0071","2015","550028"
"0071","2015","550029"
"0071","2015","550030"
"0071","2015","550031"
"0071","2015","550032"
"0071","2015","550033"
"0503","2015","550320"
"0503","2015","550321"
"0503","2015","550322"
"0503","2015","550323"
"0503","2015","550324"
"0503","2015","550325"
"0503","2015","550326"
"0503","2015","550327"
"0503","2015","550328"
"0503","2015","550329"
"0016","2015","550354"
"0016","2015","550355"
"0016","2015","550356"
"0016","2015","550357"
"0016","2015","550358"
"0016","2015","550359"
"0016","2015","550360"
"0011","2015","550388"
"0011","2015","550389"
"0011","2015","550390"
"0049","2015","550450"
"0049","2015","550451"
"0049","2015","550452"
"0049","2015","550453"
"0049","2015","550454"
"0049","2015","550455"
"0283","2015","550789"
"0283","2015","550790"
"0283","2015","550791"
"0283","2015","550792"
"0283","2015","550793"
"0283","2015","550794"
"0283","2015","550795"
"0283","2015","550796"
"0063","2015","550953"
"0063","2015","550954"
"0063","2015","550955"
"0063","2015","550956"
"0063","2015","550957"
"0063","2015","550958"
"0063","2015","550959"
"0063","2015","550960"
"0063","2015","550961"
"0063","2015","550962"
"0063","2015","550963"
"0405","2015","551191"
"0405","2015","551192"
"0405","2015","551193"
"0405","2015","551194"
"0405","2015","551195"
"0405","2015","551196"
"0405","2015","551197"
"0674","2015","551350"
"0674","2015","551351"
"0674","2015","551352"
"0674","2015","551353"
"0674","2015","551354"
"0674","2015","551355"
"0674","2015","551356"
"0772","2015","551389"
"0772","2015","551390"
"0772","2015","551391"
"0772","2015","551392"
"0772","2015","551393"
"0772","2015","551394"
"0180","2015","551765"
"0180","2015","551766"
"0180","2015","551767"
"0180","2015","551768"
"0180","2015","551769"
"0180","2015","551770"
"0180","2015","551771"
"0180","2015","551772"
"0180","2015","551773"
"0180","2015","551774"
"0180","2015","551775"
"0180","2015","551776"
"0029","2015","551778"
"0029","2015","551779"
"0029","2015","551780"
"0029","2015","551781"
"0029","2015","551782"
"0433","2015","551821"
"0433","2015","551822"
"0654","2015","551833"
"0654","2015","551834"
"0654","2015","551835"
"0654","2015","551836"
"0654","2015","551837"
"0654","2015","551838"
"0654","2015","551839"
"0654","2015","551840"
"0654","2015","551841"
"0654","2015","551842"
"0183","2015","551880"
"0183","2015","551881"
"0183","2015","551882"
"0183","2015","551883"
"0183","2015","551884"
"0183","2015","551885"
"0183","2015","551886"
"0183","2015","551887"
"0183","2015","551888"
"0183","2015","551889"
"0183","2015","551890"
"0416","2015","551952"
"0416","2015","551953"
"0416","2015","551954"
"0120","2015","552006"
"0120","2015","552007"
"0120","2015","552008"
"0120","2015","552009"
"0120","2015","552010"
"0120","2015","552011"
"0120","2015","552012"
"0035","2015","552064"
"0035","2015","552065"
"0035","2015","552066"
"0035","2015","552067"
"0233","2015","552113"
"0233","2015","552114"
"0233","2015","552115"
"0233","2015","552116"
"0233","2015","552117"
"0233","2015","552118"
"0233","2015","552119"
"0233","2015","552120"
"0233","2015","552121"
"0233","2015","552122"
"0233","2015","552123"
"0233","2015","552124"
"0233","2015","552125"
"0233","2015","552126"
"0233","2015","552127"
"0233","2015","552128"
"0100","2015","552137"
"0100","2015","552138"
"0100","2015","552139"
"0100","2015","552140"
"0100","2015","552141"
"0100","2015","552142"
"0100","2015","552143"
"0100","2015","552144"
"0100","2015","552145"
"0100","2015","552146"
"0100","2015","552147"
"0212","2015","552215"
"0212","2015","552216"
"0212","2015","552217"
"0212","2015","552218"
"0212","2015","552219"
"0212","2015","552220"
"0236","2015","552621"
"0236","2015","552622"
"0236","2015","552623"
"0236","2015","552624"
"0236","2015","552625"
"0567","2015","552745"
"0567","2015","552746"
"0567","2015","552747"
"0567","2015","552748"
"0567","2015","552749"
"0567","2015","552750"
"0567","2015","552751"
"0567","2015","552752"
"0301","2015","552792"
"0301","2015","552793"
"0301","2015","552794"
"0301","2015","552795"
"0301","2015","552796"
"0301","2015","552797"
"0459","2015","552973"
"0459","2015","552974"
"0459","2015","552975"
"0459","2015","552976"
"0459","2015","552977"
"0459","2015","552978"
"0459","2015","552979"
"0363","2015","553004"
"0363","2015","553005"
"0363","2015","553006"
"0363","2015","553007"
"0363","2015","553008"
"0363","2015","553009"
"0363","2015","553010"
"0363","2015","553011"
"0363","2015","553012"
"0191","2015","553046"
"0191","2015","553047"
"0191","2015","553048"
"0191","2015","553049"
"0191","2015","553050"
"0191","2015","553051"
"0191","2015","553052"
"0582","2015","553165"
"0582","2015","553166"
"0582","2015","553167"
"0582","2015","553168"
"0582","2015","553169"
"0582","2015","553170"
"0582","2015","553171"
"0582","2015","553172"
"0048","2015","553472"
"0048","2015","553473"
"0048","2015","553474"
"0048","2015","553475"
"0048","2015","553476"
"0048","2015","553477"
"0048","2015","553478"
"0048","2015","553479"
"0048","2015","553480"
"0048","2015","553481"
"0692","2015","553531"
"0692","2015","553532"
"0692","2015","553533"
"0323","2015","553656"
"0323","2015","553657"
"0323","2015","553658"
"0323","2015","553659"
"0086","2015","553660"
"0086","2015","553661"
"0086","2015","553662"
"0086","2015","553663"
"0086","2015","553664"
"0086","2015","553665"
"0086","2015","553666"
"0086","2015","553667"
"0808","2015","553741"
"0808","2015","553742"
"0808","2015","553743"
"0808","2015","553744"
"0265","2015","553780"
"0265","2015","553781"
"0265","2015","553782"
"0265","2015","553783"
"0210","2015","554268"
"0210","2015","554269"
"0066","2015","554397"
"0066","2015","554398"
"0066","2015","554399"
"0038","2015","554490"
"0038","2015","554491"
"0038","2015","554492"
"0038","2015","554493"
"0009","2015","554553"
"0009","2015","554554"
"0009","2015","554555"
"0525","2015","554558"
"0525","2015","554559"
"0525","2015","554560"
"0525","2015","554561"
"0525","2015","554562"
"0350","2015","554563"
"0350","2015","554564"
"0350","2015","554565"
"0350","2015","554566"
"0350","2015","554567"
"0350","2015","554568"
"0453","2015","554653"
"0453","2015","554654"
"0453","2015","554655"
"0453","2015","554656"
"0453","2015","554657"
"0258","2015","554787"
"0258","2015","554788"
"0258","2015","554789"
"0758","2015","554856"
"0758","2015","554857"
"0758","2015","554858"
"0046","2015","554943"
"0046","2015","554944"
"0046","2015","554945"
"0046","2015","554946"
"0046","2015","554947"
"0046","2015","554948"
"0046","2015","554949"
"0046","2015","554950"
"0206","2015","555106"
"0206","2015","555107"
"0206","2015","555108"
"0394","2015","555138"
"0394","2015","555139"
"0394","2015","555140"
"0394","2015","555141"
"0394","2015","555142"
"0394","2015","555143"
"0394","2015","555144"
"0394","2015","555145"
"0394","2015","555146"
"0006","2015","555211"
"0006","2015","555212"
"0006","2015","555213"
"0006","2015","555214"
"0752","2015","555256"
"0752","2015","555257"
"0752","2015","555258"
"0752","2015","555259"
"0752","2015","555260"
"0752","2015","555261"
"0752","2015","555262"
"0027","2015","555290"
"0027","2015","555291"
"0027","2015","555292"
"0027","2015","555293"
"0027","2015","555294"
"0027","2015","555295"
"0027","2015","555296"
"0027","2015","555297"
"0027","2015","555298"
"0027","2015","555299"
"0058","2015","555408"
"0058","2015","555409"
"0741","2015","555523"
"0741","2015","555524"
"0741","2015","555525"
"0741","2015","555526"
"0741","2015","555527"
"0741","2015","555528"
"0741","2015","555529"
"0741","2015","555530"
"0741","2015","555531"
"0696","2015","555789"
"0696","2015","555790"
"0696","2015","555791"
"0696","2015","555792"
"0696","2015","555793"
"0696","2015","555794"
"0196","2015","556056"
"0196","2015","556057"
"0196","2015","556058"
"0196","2015","556059"
"0196","2015","556060"
"0196","2015","556061"
"0196","2015","556062"
"0196","2015","556063"
"0196","2015","556064"
"0196","2015","556065"
"0196","2015","556066"
"0023","2015","556101"
"0023","2015","556102"
"0023","2015","556103"
"0023","2015","556104"
"0023","2015","556105"
"0023","2015","556106"
"0614","2015","556292"
"0614","2015","556293"
"0557","2015","556364"
"0557","2015","556365"
"0557","2015","556366"
"0557","2015","556367"
"0069","2015","556383"
"0069","2015","556384"
"0069","2015","556385"
"0069","2015","556386"
"0004","2015","556451"
"0004","2015","556452"
"0004","2015","556453"
"0004","2015","556454"
"0284","2015","556594"
"0284","2015","556595"
"0284","2015","556596"
"0284","2015","556597"
"0284","2015","556598"
"0284","2015","556599"
"0284","2015","556600"
"0284","2015","556601"
"0085","2015","556618"
"0085","2015","556619"
"0085","2015","556620"
"0085","2015","556621"
"0085","2015","556622"
"0085","2015","556623"
"0223","2015","556632"
"0223","2015","556633"
"0223","2015","556634"
"0223","2015","556635"
"0223","2015","556636"
"0223","2015","556637"
"0223","2015","556638"
"0075","2015","556846"
"0075","2015","556847"
"0075","2015","556848"
"0075","2015","556849"
"0019","2015","556902"
"0019","2015","556903"
"0019","2015","556904"
"0356","2015","556920"
"0356","2015","556921"
"0356","2015","556922"
"0356","2015","556923"
"0331","2015","556987"
"0331","2015","556988"
"0331","2015","556989"
"0331","2015","556990"
"0331","2015","556991"
"0331","2015","556992"
"0291","2015","556999"
"0291","2015","557000"
"0291","2015","557001"
"0291","2015","557002"
"0291","2015","557003"
"0291","2015","557004"
"0291","2015","557005"
"0291","2015","557006"
"0291","2015","557007"
"0291","2015","557008"
"0291","2015","557009"
"0291","2015","557010"
"0291","2015","557011"
"0291","2015","557012"
"0291","2015","557013"
"0334","2015","557276"
"0334","2015","557277"
"0334","2015","557278"
"0334","2015","557279"
"0334","2015","557280"
"0786","2015","557317"
"0077","2015","557335"
"0077","2015","557336"
"0077","2015","557337"
"0077","2015","557338"
"0711","2015","557362"
"0031","2015","557459"
"0031","2015","557460"
"0031","2015","557461"
"0031","2015","557462"
"0031","2015","557463"
"0360","2015","557889"
"0360","2015","557890"
"0360","2015","557891"
"0360","2015","557892"
"0390","2015","557893"
"0390","2015","557894"
"0390","2015","557895"
"0390","2015","557896"
"0390","2015","557897"
"0390","2015","557898"
"0390","2015","557899"
"0390","2015","557900"
"0231","2015","557982"
"0231","2015","557983"
"0231","2015","557984"
"0155","2015","558476"
"0155","2015","558477"
"0443","2015","558523"
"0443","2015","558524"
"0443","2015","558525"
"0443","2015","558526"
"0443","2015","558527"
"0443","2015","558528"
"0443","2015","558529"
"0443","2015","558530"
"0222","2015","558626"
"0222","2015","558627"
"0222","2015","558628"
"0222","2015","558629"
"0222","2015","558630"
"0516","2015","558641"
"0516","2015","558642"
"0516","2015","558643"
"0516","2015","558644"
"0516","2015","558645"
"0516","2015","558646"
"0801","2015","559086"
"0801","2015","559087"
"0801","2015","559088"
"0801","2015","559089"
"0801","2015","559090"
"0542","2015","559124"
"0542","2015","559125"
"0542","2015","559126"
"0542","2015","559127"
"0542","2015","559128"
"0047","2015","559323"
"0047","2015","559324"
"0047","2015","559325"
"0047","2015","559326"
"0047","2015","559327"
"0501","2015","559645"
"0501","2015","559646"
"0501","2015","559647"
"0534","2015","559772"
"0534","2015","559773"
"0534","2015","559774"
"0534","2015","559775"
"0534","2015","559776"
"0098","2015","559861"
"0098","2015","559862"
"0098","2015","559863"
"0098","2015","559864"
"0540","2015","560192"
"0540","2015","560193"
"0540","2015","560194"
"0076","2015","560302"
"0076","2015","560303"
"0076","2015","560304"
"0169","2015","560392"
"0169","2015","560393"
"0169","2015","560394"
"0169","2015","560395"
"0376","2015","560430"
"0376","2015","560431"
"0376","2015","560432"
"0376","2015","560433"
"0025","2015","560533"
"0025","2015","560534"
"0025","2015","560535"
"0681","2015","560568"
"0681","2015","560569"
"0681","2015","560570"
"0003","2015","560682"
"0003","2015","560683"
"0003","2015","560684"
"0003","2015","560685"
"0094","2015","560780"
"0094","2015","560781"
"0094","2015","560782"
"0094","2015","560783"
"0395","2015","560798"
"0395","2015","560799"
"0395","2015","560800"
"0395","2015","560801"
"0395","2015","560802"
"0499","2015","561564"
"0499","2015","561565"
"0499","2015","561566"
"0499","2015","561567"
"0499","2015","561568"
"0499","2015","561569"
"0499","2015","561570"
"0499","2015","561571"
"0237","2015","561591"
"0237","2015","561592"
"0237","2015","561593"
"0237","2015","561594"
"0237","2015","561595"
"0237","2015","561596"
"0237","2015","561597"
"0064","2015","561698"
"0064","2015","561699"
"0064","2015","561700"
"0064","2015","561701"
"0064","2015","561702"
"0064","2015","561703"
"0064","2015","561704"
"0189","2015","562408"
"0189","2015","562409"
"0189","2015","562410"
"0189","2015","562411"
"0189","2015","562412"
"0189","2015","562413"
"0189","2015","562414"
"0189","2015","562415"
"0189","2015","562416"
"0189","2015","562417"
"0532","2015","562716"
"0532","2015","562717"
"0532","2015","562718"
"0532","2015","562719"
"0532","2015","562720"
"0532","2015","562721"
"0532","2015","562722"
"0532","2015","562723"
"0532","2015","562724"
"0532","2015","562725"
"0532","2015","562726"
"0532","2015","562727"
"0055","2015","562912"
"0055","2015","562913"
"0055","2015","562914"
"0055","2015","562915"
"0392","2015","562955"
"0392","2015","562956"
"0392","2015","562957"
"0392","2015","562958"
"0392","2015","562959"
"0392","2015","562960"
"0392","2015","562961"
"0392","2015","562962"
"0392","2015","562963"
"0446","2015","563257"
"0072","2015","563297"
"0072","2015","563298"
"0072","2015","563299"
"0072","2015","563300"
"0017","2015","563369"
"0008","2015","563414"
"0008","2015","563415"
"0008","2015","563416"
"0008","2015","563417"
"0748","2015","563602"
"0748","2015","563603"
"0748","2015","563604"
"0748","2015","563605"
"0748","2015","563606"
"0403","2015","563712"
"0403","2015","563713"
"0600","2015","564036"
"0600","2015","564037"
"0600","2015","564038"
"0600","2015","564039"
"0600","2015","564040"
"0600","2015","564041"
"0605","2015","564072"
"0605","2015","564073"
"0605","2015","564074"
"0605","2015","564075"
"0713","2015","564478"
"0713","2015","564479"
"0713","2015","564480"
"0613","2015","564817"
"0613","2015","564818"
"0248","2015","564985"
"0248","2015","564986"
"0248","2015","564987"
"0248","2015","564988"
"0248","2015","564989"
"0248","2015","564990"
"0248","2015","564991"
"0248","2015","564992"
"0397","2015","565007"
"0397","2015","565008"
"0397","2015","565009"
"0397","2015","565010"
"0397","2015","565011"
"0544","2015","565151"
"0544","2015","565152"
"0068","2015","565489"
"0068","2015","565490"
"0068","2015","565491"
"0068","2015","565492"
"0271","2015","565692"
"0271","2015","565693"
"0271","2015","565694"
"0271","2015","565695"
"0271","2015","565696"
"0271","2015","565697"
"0271","2015","565698"
"0271","2015","565699"
"0271","2015","565700"
"0271","2015","565701"
"0271","2015","565702"
"0271","2015","565703"
"0081","2015","565834"
"0081","2015","565835"
"0081","2015","565836"
"0081","2015","565837"
"0214","2015","566430"
"0214","2015","566431"
"0214","2015","566432"
"0214","2015","566433"
"0214","2015","566434"
"0214","2015","566435"
"0214","2015","566436"
"0214","2015","566437"
"0391","2015","566457"
"0391","2015","566458"
"0391","2015","566459"
"0391","2015","566460"
"0391","2015","566461"
"0391","2015","566462"
"0391","2015","566463"
"0391","2015","566464"
"0391","2015","566465"
"0391","2015","566466"
"0391","2015","566467"
"0391","2015","566468"
"0815","2015","566897"
"0815","2015","566898"
"0817","2015","567054"
"0043","2015","567818"
"0043","2015","567819"
"0043","2015","567820"
"0043","2015","567821"
"0043","2015","567822"
"0043","2015","567823"
"0043","2015","567824"
"0043","2015","567825"
"0043","2015","567826"
"0043","2015","567827"
"0043","2015","567828"
"0431","2015","568068"
"0431","2015","568069"
"0431","2015","568070"
"0431","2015","568071"
"0381","2015","568515"
"0381","2015","568516"
"0381","2015","568517"
"0381","2015","568518"
"0685","2015","569453"
"0685","2015","569454"
"0685","2015","569455"
"0685","2015","569456"
"0685","2015","569457"
"0685","2015","569458"
"0745","2015","570022"
"0745","2015","570023"
"0745","2015","570024"
"0745","2015","570025"
"0745","2015","570026"
"0417","2015","570213"
"0811","2015","570249"
"0811","2015","570250"
"0811","2015","570251"
"0811","2015","570252"
"0811","2015","570253"
"0811","2015","570254"
"0811","2015","570255"
"0811","2015","570256"
"0811","2015","570257"
"0796","2015","570329"
"0816","2015","570610"
"0688","2015","571290"
"0688","2015","571291"
"0688","2015","571292"
"0619","2015","571302"
"0619","2015","571303"
"0619","2015","571304"
"0619","2015","571305"
"0619","2015","571306"
"0619","2015","571307"
"0530","2015","571328"
"0530","2015","571329"
"0530","2015","571330"
"0530","2015","571331"
"0530","2015","571332"
"0530","2015","571333"
"0530","2015","571334"
"0530","2015","571335"
"0530","2015","571336"
"0530","2015","571337"
"0530","2015","571338"
"0185","2015","571551"
"0185","2015","571552"
"0611","2015","571554"
"0611","2015","571555"
"0611","2015","571556"
"0611","2015","571557"
"0420","2015","571624"
"0420","2015","571625"
"0420","2015","571626"
"0420","2015","571627"
"0420","2015","571628"
"0062","2015","572009"
"0062","2015","572010"
"0062","2015","572011"
"0062","2015","572012"
"0062","2015","572013"
"0062","2015","572014"
"0414","2015","572047"
"0414","2015","572048"
"0414","2015","572049"
"0414","2015","572050"
"0414","2015","572051"
"0414","2015","572052"
"0651","2015","572103"
"0389","2015","572134"
"0389","2015","572135"
"0389","2015","572136"
"0389","2015","572137"
"0389","2015","572138"
"0389","2015","572139"
"0389","2015","572140"
"0389","2015","572141"
"0389","2015","572142"
"0389","2015","572143"
"0389","2015","572144"
"0389","2015","572145"
"0199","2015","572299"
"0199","2015","572300"
"0199","2015","572301"
"0671","2015","572313"
"0671","2015","572314"
"0671","2015","572315"
"0671","2015","572316"
"0671","2015","572317"
"0671","2015","572318"
"0671","2015","572319"
"0671","2015","572320"
"0671","2015","572321"
"0024","2015","572400"
"0024","2015","572401"
"0024","2015","572402"
"0024","2015","572403"
"0333","2015","572454"
"0333","2015","572455"
"0333","2015","572456"
"0333","2015","572457"
"0333","2015","572458"
"0333","2015","572459"
"0333","2015","572460"
"0465","2015","572664"
"0465","2015","572665"
"0465","2015","572666"
"0465","2015","572667"
"0398","2015","572943"
"0398","2015","572944"
"0398","2015","572945"
"0398","2015","572946"
"0398","2015","572947"
"0398","2015","572948"
"0398","2015","572949"
"0101","2015","573167"
"0101","2015","573168"
"0101","2015","573169"
"0101","2015","573170"
"0188","2015","573204"
"0188","2015","573205"
"0188","2015","573206"
"0050","2015","573285"
"0779","2015","573286"
"0269","2015","573657"
"0269","2015","573658"
"0269","2015","573659"
"0269","2015","573660"
"0269","2015","573661"
"0269","2015","573662"
"0269","2015","573663"
"0269","2015","573664"
"0269","2015","573665"
"0678","2015","573825"
"0176","2015","574250"
"0176","2015","574251"
"0176","2015","574252"
"0176","2015","574253"
"0176","2015","574254"
"0176","2015","574255"
"0176","2015","574256"
"0176","2015","574257"
"0176","2015","574258"
"0176","2015","574259"
"0176","2015","574260"
"0176","2015","574261"
"0427","2015","574642"
"0427","2015","574643"
"0427","2015","574644"
"0675","2015","574677"
"0675","2015","574678"
"0675","2015","574679"
"0675","2015","574680"
"0675","2015","574681"
"0675","2015","574682"
"0675","2015","574683"
"0022","2015","574971"
"0022","2015","574972"
"0022","2015","574973"
"0022","2015","574974"
"0022","2015","574975"
"0022","2015","574976"
"0413","2015","575183"
"0413","2015","575184"
"0413","2015","575185"
"0413","2015","575186"
"0413","2015","575187"
"0413","2015","575188"
"0413","2015","575189"
"0042","2015","575260"
"0042","2015","575261"
"0042","2015","575262"
"0042","2015","575263"
"0042","2015","575264"
"0042","2015","575265"
"0065","2015","576053"
"0584","2015","576126"
"0584","2015","576127"
"0584","2015","576128"
"0584","2015","576129"
"0584","2015","576130"
"0584","2015","576131"
"0584","2015","576132"
"0584","2015","576133"
"0584","2015","576134"
"0584","2015","576135"
"0246","2015","576236"
"0418","2015","576337"
"0418","2015","576338"
"0418","2015","576339"
"0418","2015","576340"
"0418","2015","576341"
"0418","2015","576342"
"0418","2015","576343"
"0170","2015","576462"
"0170","2015","576463"
"0170","2015","576464"
"0170","2015","576465"
"0797","2015","576925"
"0409","2015","577021"
"0409","2015","577022"
"0409","2015","577023"
"0409","2015","577024"
"0409","2015","577025"
"0409","2015","577026"
"0716","2015","577232"
"0716","2015","577233"
"0716","2015","577234"
"0393","2015","577317"
"0393","2015","577318"
"0393","2015","577319"
"0393","2015","577320"
"0393","2015","577321"
"0162","2015","577490"
"0162","2015","577491"
"0162","2015","577492"
"0162","2015","577493"
"0162","2015","577494"
"0304","2015","577775"
"0304","2015","577776"
"0304","2015","577777"
"0161","2015","577847"
"0161","2015","577848"
"0161","2015","577849"
"0161","2015","577850"
"0760","2015","577895"
"0760","2015","577896"
"0760","2015","577897"
"0120","2015","577969"
"0120","2015","577970"
"0120","2015","577971"
"0632","2015","578211"
"0632","2015","578212"
"0632","2015","578213"
"0632","2015","578214"
"0524","2015","578512"
"0524","2015","578513"
"0524","2015","578514"
"0524","2015","578515"
"0524","2015","578516"
"0524","2015","578517"
"0524","2015","578518"
"0524","2015","578519"
"0524","2015","578520"
"0524","2015","578521"
"0348","2015","578582"
"0348","2015","578583"
"0348","2015","578584"
"0348","2015","578585"
"0703","2015","578639"
"0452","2015","578758"
"0387","2015","578825"
"0387","2015","578826"
"0387","2015","578827"
"0387","2015","578828"
"0387","2015","578829"
"0387","2015","578830"
"0387","2015","578831"
"0387","2015","578832"
"0387","2015","578833"
"0247","2015","578882"
"0247","2015","578883"
"0247","2015","578884"
"0247","2015","578885"
"0624","2015","578980"
"0624","2015","578981"
"0624","2015","578982"
"0187","2015","579018"
"0187","2015","579019"
"0264","2015","579196"
"0264","2015","579197"
"0264","2015","579198"
"0264","2015","579199"
"0264","2015","579200"
"0264","2015","579201"
"0228","2015","579357"
"0228","2015","579358"
"0228","2015","579359"
"0228","2015","579360"
"0228","2015","579361"
"0228","2015","579362"
"0228","2015","579363"
"0228","2015","579364"
"0472","2015","579415"
"0472","2015","579416"
"0472","2015","579417"
"0472","2015","579418"
"0472","2015","579419"
"0107","2015","579577"
"0107","2015","579578"
"0107","2015","579579"
"0107","2015","579580"
"0107","2015","579581"
"0107","2015","579582"
"0407","2015","580471"
"0407","2015","580472"
"0407","2015","580473"
"0655","2015","580900"
"0655","2015","580901"
"0655","2015","580902"
"0655","2015","580903"
"0428","2015","580944"
"0428","2015","580945"
"0428","2015","580946"
"0428","2015","580947"
"0428","2015","580948"
"0428","2015","580949"
"0428","2015","580950"
"0428","2015","580951"
"0428","2015","580952"
"0428","2015","580953"
"0428","2015","580954"
"0428","2015","580955"
"0428","2015","580956"
"0428","2015","580957"
"0428","2015","580958"
"0428","2015","580959"
"0656","2015","581013"
"0656","2015","581014"
"0656","2015","581015"
"0656","2015","581016"
"0656","2015","581017"
"0656","2015","581018"
"0656","2015","581019"
"0656","2015","581020"
"0656","2015","581021"
"0656","2015","581022"
"0280","2015","581029"
"0280","2015","581030"
"0280","2015","581031"
"0280","2015","581032"
"0159","2015","581183"
"0159","2015","581184"
"0159","2015","581185"
"0159","2015","581186"
"0159","2015","581187"
"0159","2015","581188"
"0109","2015","581202"
"0109","2015","581203"
"0109","2015","581204"
"0319","2015","581361"
"0319","2015","581362"
"0319","2015","581363"
"0319","2015","581364"
"0319","2015","581365"
"0319","2015","581366"
"0319","2015","581367"
"0319","2015","581368"
"0319","2015","581369"
"0319","2015","581370"
"0319","2015","581371"
"0319","2015","581372"
"0357","2015","581559"
"0357","2015","581560"
"0357","2015","581561"
"0550","2015","581628"
"0652","2015","581701"
"0652","2015","581702"
"0652","2015","581703"
"0652","2015","581704"
"0652","2015","581705"
"0053","2015","581736"
"0053","2015","581737"
"0053","2015","581738"
"0053","2015","581739"
"0053","2015","581740"
"0053","2015","581741"
"0053","2015","581742"
"0053","2015","581743"
"0277","2015","581744"
"0277","2015","581745"
"0277","2015","581746"
"0277","2015","581747"
"0277","2015","581748"
"0277","2015","581749"
"0277","2015","581750"
"0277","2015","581751"
"0662","2015","581778"
"0662","2015","581779"
"0662","2015","581780"
"0362","2015","581863"
"0362","2015","581864"
"0362","2015","581865"
"0362","2015","581866"
"0383","2015","581904"
"0383","2015","581905"
"0383","2015","581906"
"0383","2015","581907"
"0383","2015","581908"
"0383","2015","581909"
"0383","2015","581910"
"0307","2015","581911"
"0307","2015","581912"
"0307","2015","581913"
"0307","2015","581914"
"0200","2015","582021"
"0200","2015","582022"
"0200","2015","582023"
"0200","2015","582024"
"0200","2015","582025"
"0200","2015","582026"
"0200","2015","582027"
"0200","2015","582028"
"0200","2015","582029"
"0279","2015","582151"
"0114","2015","582196"
"0114","2015","582197"
"0114","2015","582198"
"0114","2015","582199"
"0114","2015","582200"
"0684","2015","582304"
"0684","2015","582305"
"0684","2015","582306"
"0684","2015","582307"
"0684","2015","582308"
"0684","2015","582309"
"0684","2015","582310"
"0684","2015","582311"
"0684","2015","582312"
"0677","2015","582453"
"0677","2015","582454"
"0677","2015","582455"
"0721","2015","582665"
"0721","2015","582666"
"0721","2015","582667"
"0721","2015","582668"
"0721","2015","582669"
"0721","2015","582670"
"0492","2015","582719"
"0492","2015","582720"
"0492","2015","582721"
"0492","2015","582722"
"0492","2015","582723"
"0492","2015","582724"
"0492","2015","582725"
"0492","2015","582726"
"0492","2015","582727"
"0492","2015","582728"
"0492","2015","582729"
"0492","2015","582730"
"0306","2015","583137"
"0315","2015","583202"
"0315","2015","583203"
"0315","2015","583204"
"0321","2015","583274"
"0321","2015","583275"
"0321","2015","583276"
"0321","2015","583277"
"0321","2015","583278"
"0321","2015","583279"
"0321","2015","583280"
"0321","2015","583281"
"0606","2015","583353"
"0606","2015","583354"
"0606","2015","583355"
"0606","2015","583356"
"0606","2015","583357"
"0606","2015","583358"
"0606","2015","583359"
"0606","2015","583360"
"0751","2015","583535"
"0751","2015","583536"
"0751","2015","583537"
"0751","2015","583538"
"0751","2015","583539"
"0751","2015","583540"
"0399","2015","583670"
"0399","2015","583671"
"0399","2015","583672"
"0399","2015","583673"
"0286","2015","583696"
"0286","2015","583697"
"0286","2015","583698"
"0286","2015","583699"
"0286","2015","583700"
"0286","2015","583701"
"0276","2015","583718"
"0266","2015","583962"
"0266","2015","583963"
"0266","2015","583964"
"0266","2015","583965"
"0266","2015","583966"
"0041","2015","584071"
"0041","2015","584072"
"0041","2015","584073"
"0041","2015","584074"
"0158","2015","584105"
"0158","2015","584106"
"0158","2015","584107"
"0335","2015","584207"
"0335","2015","584208"
"0335","2015","584209"
"0335","2015","584210"
"0335","2015","584211"
"0789","2015","584287"
"0789","2015","584288"
"0789","2015","584289"
"0789","2015","584290"
"0789","2015","584291"
"0789","2015","584292"
"0755","2015","584375"
"0755","2015","584376"
"0755","2015","584377"
"0755","2015","584378"
"0643","2015","584402"
"0643","2015","584403"
"0643","2015","584404"
"0643","2015","584405"
"0643","2015","584406"
"0643","2015","584407"
"0742","2015","584609"
"0742","2015","584610"
"0742","2015","584611"
"0742","2015","584612"
"0743","2015","584693"
"0743","2015","584694"
"0743","2015","584695"
"0743","2015","584696"
"0478","2015","584754"
"0478","2015","584755"
"0478","2015","584756"
"0478","2015","584757"
"0478","2015","584758"
"0478","2015","584759"
"0478","2015","584760"
"0682","2015","584921"
"0682","2015","584922"
"0682","2015","584923"
"0682","2015","584924"
"0682","2015","584925"
"0682","2015","584926"
"0682","2015","584927"
"0166","2015","585011"
"0166","2015","585012"
"0166","2015","585013"
"0166","2015","585014"
"0166","2015","585015"
"0166","2015","585016"
"0166","2015","585017"
"0166","2015","585018"
"0166","2015","585019"
"0166","2015","585020"
"0166","2015","585021"
"0166","2015","585022"
"0166","2015","585023"
"0166","2015","585024"
"0408","2015","585223"
"0408","2015","585224"
"0408","2015","585225"
"0408","2015","585226"
"0408","2015","585227"
"0408","2015","585228"
"0408","2015","585229"
"0408","2015","585230"
"0408","2015","585231"
"0408","2015","585232"
"0106","2015","585247"
"0106","2015","585248"
"0106","2015","585249"
"0698","2015","585272"
"0698","2015","585273"
"0698","2015","585274"
"0698","2015","585275"
"0698","2015","585276"
"0698","2015","585277"
"0698","2015","585278"
"0698","2015","585279"
"0698","2015","585280"
"0317","2015","585367"
"0317","2015","585368"
"0317","2015","585369"
"0317","2015","585370"
"0317","2015","585371"
"0317","2015","585372"
"0317","2015","585373"
"0292","2015","585384"
"0292","2015","585385"
"0292","2015","585386"
"0292","2015","585387"
"0818","2015","585813"
"0818","2015","585814"
"0204","2015","585947"
"0204","2015","585948"
"0204","2015","585949"
"0204","2015","585950"
"0204","2015","585951"
"0207","2015","585969"
"0740","2015","586146"
"0740","2015","586147"
"0740","2015","586148"
"0740","2015","586149"
"0740","2015","586150"
"0740","2015","586151"
"0174","2015","586193"
"0174","2015","586194"
"0174","2015","586195"
"0163","2015","586250"
"0163","2015","586251"
"0163","2015","586252"
"0163","2015","586253"
"0163","2015","586254"
"0163","2015","586255"
"0163","2015","586256"
"0163","2015","586257"
"0163","2015","586258"
"0293","2015","586283"
"0293","2015","586284"
"0293","2015","586285"
"0293","2015","586286"
"0293","2015","586287"
"0293","2015","586288"
"0293","2015","586289"
"0293","2015","586290"
"0116","2015","586302"
"0116","2015","586303"
"0388","2015","586376"
"0388","2015","586377"
"0388","2015","586378"
"0388","2015","586379"
"0388","2015","586380"
"0388","2015","586381"
"0388","2015","586382"
"0388","2015","586383"
"0388","2015","586384"
"0646","2015","586385"
"0646","2015","586386"
"0712","2015","586545"
"0712","2015","586546"
"0712","2015","586547"
"0712","2015","586548"
"0762","2015","586600"
"0762","2015","586601"
"0762","2015","586602"
"0762","2015","586603"
"0762","2015","586604"
"0762","2015","586605"
"0762","2015","586606"
"0770","2015","586784"
"0770","2015","586785"
"0770","2015","586786"
"0722","2015","586810"
"0722","2015","586811"
"0722","2015","586812"
"0722","2015","586813"
"0722","2015","586814"
"0722","2015","586815"
"0722","2015","586816"
"0211","2015","586882"
"0211","2015","586883"
"0666","2015","586927"
"0666","2015","586928"
"0666","2015","586929"
"0666","2015","586930"
"0666","2015","586931"
"0666","2015","586932"
"0302","2015","586938"
"0302","2015","586939"
"0302","2015","586940"
"0302","2015","586941"
"0302","2015","586942"
"0302","2015","586943"
"0302","2015","586944"
"0302","2015","586945"
"0302","2015","586946"
"0302","2015","586947"
"0302","2015","586948"
"0302","2015","586949"
"0168","2015","587088"
"0168","2015","587089"
"0168","2015","587090"
"0168","2015","587091"
"0819","2015","587152"
"0669","2015","587284"
"0669","2015","587285"
"0669","2015","587286"
"0820","2015","587341"
"0820","2015","587342"
"0820","2015","587343"
"0820","2015","587344"
"0820","2015","587345"
"0203","2015","587367"
"0203","2015","587368"
"0795","2015","587660"
"0795","2015","587661"
"0795","2015","587662"
"0795","2015","587663"
"0205","2015","587769"
"0205","2015","587770"
"0205","2015","587771"
"0205","2015","587772"
"0330","2015","587773"
"0330","2015","587774"
"0330","2015","587775"
"0330","2015","587776"
"0330","2015","587777"
"0330","2015","587778"
"0379","2015","588290"
"0379","2015","588291"
"0379","2015","588292"
"0341","2015","588462"
"0802","2015","588669"
"0710","2015","588771"
"0710","2015","588772"
"0710","2015","588773"
"0732","2015","588841"
"0732","2015","588842"
"0732","2015","588843"
"0732","2015","588844"
"0732","2015","588845"
"0732","2015","588846"
"0732","2015","588847"
"0732","2015","588848"
"0517","2015","588849"
"0517","2015","588850"
"0517","2015","588851"
"0517","2015","588852"
"0517","2015","588853"
"0517","2015","588854"
"0517","2015","588855"
"0517","2015","588856"
"0517","2015","588857"
"0517","2015","588858"
